sample_id,language,label,method,original_filename,clip_index,duration_seconds
4bc699f56eb67b6efde8ce2b0be090cb,telugu,fake,rvc,rvc_telugu_001.wav,0,10
44843053327eda62ed0987a34a1784c2,telugu,fake,rvc,rvc_telugu_001.wav,1,10
c08509f1b2fcde4947b6bc63037a3ce8,telugu,fake,rvc,rvc_telugu_002.wav,0,10
08f0822b5dde9477f5cdd648b17ec411,telugu,fake,rvc,rvc_telugu_002.wav,1,10
9fc7cc30cfc6f1fe4154777798f8b404,telugu,fake,rvc,rvc_telugu_003.wav,0,10
4c6f76287c7246d283385764197e794e,telugu,fake,rvc,rvc_telugu_003.wav,1,10
1d75c6c5c9adcf1c1c5dd17951a7bbff,telugu,fake,rvc,rvc_telugu_004.wav,0,10
e2dbf880c1fc90a249e898e1211df5a7,telugu,fake,rvc,rvc_telugu_004.wav,1,10
18127de2fb4d298d15651a492cde3511,telugu,fake,rvc,rvc_telugu_005.wav,0,10
e71ae9c7427caa187292a83714e12543,telugu,fake,rvc,rvc_telugu_005.wav,1,10
eff1b0b9f55b8598171b521e682a3033,telugu,fake,rvc,rvc_telugu_006.wav,0,10
74c4323e9efea86f23be1867aee33a9a,telugu,fake,rvc,rvc_telugu_006.wav,1,10
ab5320f81bdcfada8c565c5564322c04,telugu,fake,rvc,rvc_telugu_007.wav,0,10
85d7ee0bc61b435e2c66def7fb764fc8,telugu,fake,rvc,rvc_telugu_007.wav,1,10
e068982a96407e2dbca98a11c29850fb,telugu,fake,rvc,rvc_telugu_008.wav,0,10
c346ee1caf392a7a2468b0da9923a993,telugu,fake,rvc,rvc_telugu_008.wav,1,10
ed5c893b049fa55df6f7416424469d67,telugu,fake,rvc,rvc_telugu_009.wav,0,10
f762dae89a714ce18a4a13af62eecb8f,telugu,fake,rvc,rvc_telugu_009.wav,1,10
bd20cdba7244771f72b36cf2bda2c6fb,telugu,fake,rvc,rvc_telugu_010.wav,0,10
79789b6251dca9dff6a3685e098cb172,telugu,fake,rvc,rvc_telugu_010.wav,1,10
e41be3dd5de6e000ee4d7247a321cb91,telugu,fake,rvc,rvc_telugu_011.wav,0,10
5f4907b86466b0687343ce374820fafc,telugu,fake,rvc,rvc_telugu_011.wav,1,10
5e0598a0169007c1ce54b8fb4bfd0804,telugu,fake,rvc,rvc_telugu_012.wav,0,10
d799517bf646c2e953cf934c2f39aa0a,telugu,fake,rvc,rvc_telugu_012.wav,1,10
71f6f196bdc8263bf8fea46052b1c504,telugu,fake,rvc,rvc_telugu_013.wav,0,10
0bc97ce660a5fff711f410c73cbe435e,telugu,fake,rvc,rvc_telugu_013.wav,1,10
5ccf9bcecbd8437ff99cdad7d6fcd1a1,telugu,fake,rvc,rvc_telugu_014.wav,0,10
97b13cecf563bb4d070f5972d9fbe210,telugu,fake,rvc,rvc_telugu_014.wav,1,10
deebd3ec57153e84f46fbd380ceefeaf,telugu,fake,rvc,rvc_telugu_015.wav,0,10
3044b80bd174c767ef2eb9cd60e71b2a,telugu,fake,rvc,rvc_telugu_015.wav,1,10
a8ca44df2e0b6c23754b6d963c150d39,telugu,fake,rvc,rvc_telugu_016.wav,0,10
289d4375a03ef9d85f72299778731361,telugu,fake,rvc,rvc_telugu_016.wav,1,10
212a8ff48d8f0c0ec9cdf7424501f86d,telugu,fake,rvc,rvc_telugu_017.wav,0,10
344f5f090f25a03e8779cc6777292dc0,telugu,fake,rvc,rvc_telugu_017.wav,1,10
62d5318446cd0bb8c36fa1254908a812,telugu,fake,rvc,rvc_telugu_018.wav,0,10
5984017d0939f89420b117fc4b430642,telugu,fake,rvc,rvc_telugu_018.wav,1,10
338672ca5ebcf9f6dfb2e384af929474,telugu,fake,rvc,rvc_telugu_019.wav,0,10
e6def33be6181d5195092c85d2569dbd,telugu,fake,rvc,rvc_telugu_019.wav,1,10
2dd5ae1d976749512d062f17bce74fe0,telugu,fake,rvc,rvc_telugu_020.wav,0,10
b4f2b21df78222d2ae7e681b3a17f0ff,telugu,fake,rvc,rvc_telugu_020.wav,1,10
9f264eb831958846a464a49857292300,telugu,fake,rvc,rvc_telugu_021.wav,0,10
ee21650411cdea13c239ebb177fddc8f,telugu,fake,rvc,rvc_telugu_021.wav,1,10
32c0452c67770ccd0a475186edc025a7,telugu,fake,rvc,rvc_telugu_022.wav,0,10
343c813cd47e5a72ca9c33d0a977036c,telugu,fake,rvc,rvc_telugu_022.wav,1,10
176ed3e9b6d011bb6eee19d32ebd7216,telugu,fake,rvc,rvc_telugu_023.wav,0,10
c3e63a4b90ec953b2c4fbb070058d7ae,telugu,fake,rvc,rvc_telugu_023.wav,1,10
285329cc37240b38715e76556def2829,telugu,fake,rvc,rvc_telugu_024.wav,0,10
d5d5c86f45634fc1d5b58097d890ec3f,telugu,fake,rvc,rvc_telugu_024.wav,1,10
0ece270198e1fcc133315372b5f0a2fa,telugu,fake,rvc,rvc_telugu_025.wav,0,10
ca9780f0cac48d99d9188f9322f132d8,telugu,fake,rvc,rvc_telugu_025.wav,1,10
6e01005faab1c11524eb4ef2e4b1af78,telugu,fake,rvc,rvc_telugu_026.wav,0,10
048a76303980d7356e307800f5097f8e,telugu,fake,rvc,rvc_telugu_026.wav,1,10
90fac00322c45ebc57b329e63ba62499,telugu,fake,rvc,rvc_telugu_027.wav,0,10
bed2c6ce06eaa0fecfd2c08b1432be60,telugu,fake,rvc,rvc_telugu_027.wav,1,10
4bd294fcd261501d8b530dfcabfd889e,telugu,fake,rvc,rvc_telugu_028.wav,0,10
85681d114656c71341e41ba71cf42cd9,telugu,fake,rvc,rvc_telugu_028.wav,1,10
6b809689c98e454fe925b22c6d95cbbc,telugu,fake,rvc,rvc_telugu_029.wav,0,10
679ed9f461be1bda931f651a51fbdaa5,telugu,fake,rvc,rvc_telugu_029.wav,1,10
76d94ad1aa6212d5536cbd33801cd8b2,telugu,fake,rvc,rvc_telugu_030.wav,0,10
2a1f88ae9d5e4983d86be4da32094afd,telugu,fake,rvc,rvc_telugu_030.wav,1,10
9482ea685b0d4b218998ef531bfa5ddc,telugu,fake,rvc,rvc_telugu_031.wav,0,10
412717f76529644fbea12acd635f865e,telugu,fake,rvc,rvc_telugu_031.wav,1,10
bf4693d76f18685cdfdd72d5b8a11b7d,telugu,fake,rvc,rvc_telugu_032.wav,0,10
490c5f5ca706818a3aeb1a0143d74b55,telugu,fake,rvc,rvc_telugu_032.wav,1,10
83052349c7c2edb200742db69a6a77d9,telugu,fake,rvc,rvc_telugu_033.wav,0,10
a5d8d84db74473a9342e6adf3a8455ad,telugu,fake,rvc,rvc_telugu_033.wav,1,10
89fc82e314ab075713d844aca244ce10,telugu,fake,rvc,rvc_telugu_034.wav,0,10
a52315df41a21dadd64ef1085dc570b2,telugu,fake,rvc,rvc_telugu_034.wav,1,10
62b0159ffd02d29419a30a0b9952fdbd,telugu,fake,rvc,rvc_telugu_035.wav,0,10
7f91547b7d920cbe7a8d5188421ae0f9,telugu,fake,rvc,rvc_telugu_035.wav,1,10
38a123a6e780839989cd8181fd09d90f,telugu,fake,rvc,rvc_telugu_036.wav,0,10
9199e97700c75e74527d99f8952a2cc6,telugu,fake,rvc,rvc_telugu_036.wav,1,10
41670838af94a3e1ccc0b9032ef76bb6,telugu,fake,rvc,rvc_telugu_037.wav,0,10
613d67441478c8b219d019f77519cb7a,telugu,fake,rvc,rvc_telugu_037.wav,1,10
367918af624be7fcbbf23e0ce70fcc8d,telugu,fake,rvc,rvc_telugu_038.wav,0,10
2ede5eff3b3b8ce3855eeab50575084a,telugu,fake,rvc,rvc_telugu_038.wav,1,10
2d934f68cd10d7350b3cdb28752acd60,telugu,fake,rvc,rvc_telugu_039.wav,0,10
3e5a0c7812162679c240120366bb3b01,telugu,fake,rvc,rvc_telugu_039.wav,1,10
a84917263c59df6b865d293a1f8de63d,telugu,fake,rvc,rvc_telugu_040.wav,0,10
88328440962fb3b15751493e429c9ead,telugu,fake,rvc,rvc_telugu_040.wav,1,10
bfbca21153d913ef38edb10253e1a5c0,telugu,fake,rvc,rvc_telugu_041.wav,0,10
5c65e0d0a43f8888effc368aeebc3dd5,telugu,fake,rvc,rvc_telugu_041.wav,1,10
a112898c627ad66086625948c0f7475b,telugu,fake,rvc,rvc_telugu_042.wav,0,10
58b7e3833fe5b90eccac7b7fd13c3602,telugu,fake,rvc,rvc_telugu_042.wav,1,10
9a6bda3604dcfd8f48aa3423105fbf87,telugu,fake,rvc,rvc_telugu_043.wav,0,10
873836623648ebe0fc7627f2126a70a7,telugu,fake,rvc,rvc_telugu_043.wav,1,10
c23a792def9db1bb8310adc8aaa074e4,telugu,fake,rvc,rvc_telugu_044.wav,0,10
aedd8d800e93d5c2a73d646a6132327c,telugu,fake,rvc,rvc_telugu_044.wav,1,10
9ce9bc7dcb71ed64f2be7c17fc89cd18,telugu,fake,rvc,rvc_telugu_045.wav,0,10
54725342980e3c17e71b1de6b6e02f43,telugu,fake,rvc,rvc_telugu_045.wav,1,10
c379d93e6a0a4a68f2c7f54739d7450a,telugu,fake,rvc,rvc_telugu_046.wav,0,10
7f2a10e903df729f253e78728ef242d9,telugu,fake,rvc,rvc_telugu_046.wav,1,10
1a940e9597b5671302b86774b9c8099d,telugu,fake,rvc,rvc_telugu_047.wav,0,10
41a5870fd357aaa50346e90c6acde156,telugu,fake,rvc,rvc_telugu_047.wav,1,10
640161084810fe860dbd82c6da5219aa,telugu,fake,rvc,rvc_telugu_048.wav,0,10
9ad2d977248841518df39dbc649ef72e,telugu,fake,rvc,rvc_telugu_048.wav,1,10
399dc44601ac1e12a773673e43aedaa4,telugu,fake,rvc,rvc_telugu_049.wav,0,10
e5791e6c146ccc08fcd0ab03f881af40,telugu,fake,rvc,rvc_telugu_049.wav,1,10
d9131c5450b318a2eaf28bc0de30737c,references,fake,rvc,telugu_rvc_reference.wav,0,10
b4673033284503d9597b95188bb8fdba,references,fake,rvc,telugu_rvc_reference.wav,1,10
f05bc1cdbe4b4b89b4873278e62a7594,references,fake,rvc,telugu_rvc_ref.wav,0,10
100d88e3c6093fb62d8b0c96a7e81dec,references,fake,rvc,telugu_rvc_ref.wav,1,10
8888690798dcadd914914a9906af0f7f,references,fake,rvc,telugu_rvc_ref.wav,2,10
