sample_id,pitch_mean,pitch_variance,pitch_jitter,spectral_flux_mean,spectral_flux_std,hnr_mean,hnr_std,logmel_mean,logmel_std,mfcc_mean,mfcc_std,whisper_embedding_norm,whisper_embedding_variance
06766a19983b4c4f2a2377e12d03df8f,166.26803480653405,31825.082379989777,16.840973333103392,9.949741,11.629249,37.869564,1472.6455,-44.41831,19.152304,-6.049139,75.06479,21.870506,0.9338801
596bccfb8a30000690b795ad7fbfaa57,102.6029819026842,13323.528467627386,18.538431261620097,37.187893,17.958733,26.727737,623.6228,-26.302414,16.212048,0.02243713,43.09822,21.971403,0.94254714
ffec51789dc3d0f5f3da4ce257261cfb,167.58009935782374,39171.327693896485,52.44016394780013,78.377266,44.484566,21.891615,592.1358,-17.477135,13.5826845,1.6240283,28.049498,21.430004,0.89666456
f96a0427eba6cfcf244c127942c11622,205.8272856179821,26012.72362452407,45.129144127487585,78.17139,37.042095,38.731842,6449.631,-14.52227,12.511865,-1.2776009,23.652393,20.891026,0.85213685
7ba85d11d977de307a694f04f857ccf6,150.17015930650567,9286.955990974147,32.38233198554659,68.49225,47.312534,40.47601,4028.8745,-19.317595,14.75102,-1.5290304,32.39444,19.954092,0.7774016
4c990000ea2a931097e7cba93952c373,203.44909565709958,25841.634947871124,59.30766011656875,95.02518,42.00829,30.098724,6309.339,-14.610868,12.401081,-0.14775819,22.17832,19.301235,0.7273301
e3af54fa9d06da9adf1bcd44f1f5f984,207.0525270585792,33983.22524674721,63.689142248075136,99.309364,40.868923,13.361061,1539.4332,-11.687944,12.10245,-0.10791996,19.923857,20.035278,0.7837255
d8afd8a9fc688277de09e469847fd850,206.06988396019713,30279.12310965115,75.54409576148377,89.43418,32.852356,17.374598,3289.517,-10.969654,11.985155,0.007152098,19.952578,21.346582,0.88967705
b32e664a5d75acd08c2c4b92b3ec289f,105.36886108856817,6343.645360213278,31.229411966318448,80.32325,44.554337,28.628925,2326.6602,-17.19489,13.225004,0.7147956,25.331736,21.97848,0.9431843
3a0c8fac818f4cd9fb051e4d5b39d9b3,104.45029149073316,3447.454831063345,20.683015889479545,92.23459,35.407467,25.632288,1330.4613,-13.971817,12.580807,1.6141583,20.751802,22.167608,0.95946485
d35e914b75783c3825cff990557b0526,238.45248498969835,23028.883434481617,55.11835165496809,73.685524,40.544346,24.023912,2550.4846,-15.244041,11.625042,-2.3712013,22.922173,19.55776,0.7468317
408e525b5cca048623c2a6fc2875571c,234.51770491840458,23636.30339096699,61.32254293341776,99.2143,48.98344,30.53185,4558.6616,-12.604009,11.66863,-1.0142835,20.050753,19.996126,0.7806008
376b362d4a71572b7483d7f20b008bf2,189.61474765297353,17833.312709396094,32.03748554516211,64.38643,48.52749,25.523983,866.7384,-19.307085,14.436532,-2.6649868,31.469694,19.967453,0.77845776
19e6726d1e8cacbcaca4d8cd3e801618,167.85009870200227,28389.511471808928,59.769854582661004,68.43239,41.560265,26.336475,2774.197,-16.026224,13.146928,-0.07202475,26.083141,21.331463,0.88845515
e601ede4bb88059b3cb0c12d8ca24539,157.79644792779231,19973.11569817776,47.429577955659866,74.2822,31.540827,12.490656,383.27194,-13.993631,13.259226,0.012603032,23.75424,20.557484,0.82511985
9f7cf6309a6f4fdc06c4a542d59f4fb3,221.60867366990044,25881.088457196016,50.47501228409759,81.31032,39.0982,16.948725,591.6576,-12.595207,11.998422,-0.6953695,20.842884,20.222246,0.7984301
3ca9c5d8b79c3dbba7c1aa01b7e4af71,250.039797781861,21001.48858717772,51.085470749740864,82.592636,41.568794,21.325407,925.96643,-14.618273,12.519811,-1.9429729,23.135647,19.70197,0.7578402
86a50a3b7ecc51b8f41ec4bae5491f22,204.34459288103977,18287.03396052832,52.36491105255349,110.87568,45.74551,50.202236,7181.3164,-11.047513,11.948902,-0.28938335,19.304583,19.488857,0.7415512
617f4b80a09355194f4c49c72c676a75,164.0261181919919,18050.119297483605,45.2654025169694,101.88221,42.37514,16.413109,746.37885,-13.169541,12.118466,0.5246842,20.785994,19.398424,0.7346785
93d930f95b12e04b2ac182ed0befeb86,250.49084613862587,37426.154085763046,78.66628751264584,111.642525,39.433517,11.313562,280.02127,-10.992606,12.235053,-0.0334474,19.124063,19.283697,0.7259846
1c3f35df2f69f76908d9b3941edf6e9a,160.66787867817095,22365.217418693483,53.467507569107745,91.4659,33.793392,16.675768,752.6428,-10.463803,11.292785,0.7901437,18.313559,21.265556,0.8829175
e7e96a159b46554bdeebff309a50e6bc,169.14561212136195,22511.91609887699,59.90702409239757,83.181076,33.288174,9.156818,578.9594,-10.482082,10.941312,-0.07734596,18.303488,21.55698,0.9073417
7cd90088a0d4cfeb84c808cd35a1fc68,357.06738492873717,65658.19286705434,37.88915537474817,27.464186,17.52533,131.28633,9434.293,-23.860542,18.497063,-4.012716,44.487057,21.43937,0.89737046
6cab3176d3b847f9ab1fa3c9460b4645,323.24825194521935,58961.04634868075,78.86236955653797,12.526923,12.328377,33.44283,1248.883,-38.34436,17.52842,-10.239841,60.439194,21.76825,0.92519784
bd72dbd14b37a3d6616b5c136536225d,243.499716714339,17048.153989000115,41.087706636929305,53.987717,40.691822,28.118063,1639.6023,-20.729246,15.322513,-5.478278,33.8985,19.911556,0.774084
94599fd0bc48715ddc346c287e8164b1,240.79747318974617,22510.412886417467,38.32908399847645,60.237507,32.312317,26.103762,1056.1115,-18.77197,14.378664,-4.0444026,29.938519,19.926426,0.77522755
d4478696854093acd94e88ebd2083d0f,166.90794589244052,20152.960884072123,38.44414799190358,71.4674,29.21188,13.199611,688.10583,-16.856173,14.841632,0.23962776,27.447311,19.546251,0.74593854
bddd264c15b3e8f6d815a5813670bb2b,188.9882684291373,20638.259709577673,64.6532482836349,82.553825,25.79853,15.756966,1014.22314,-13.827448,13.61673,0.41874626,23.315681,19.560648,0.7470228
0962b11e65938ef66769cd5dda1ecb51,179.2500341049698,17014.349736031832,49.17095837798992,74.715546,26.649445,14.551547,504.19113,-14.4225,13.8980665,0.16844472,24.473824,19.797293,0.7652075
10ce08bcb9f3feec9c3debb16291b67c,200.96444254288485,19125.530505228366,53.69608693955426,84.85724,27.775032,14.105963,537.3401,-12.949654,13.026405,0.37894714,22.015566,19.219244,0.7211443
e964dbc5ca148db76d3129da1e6c8868,201.2727748009255,31452.505230191582,74.71877107913717,85.34211,29.172194,11.983725,459.69528,-12.821427,13.390558,0.56754595,22.410097,19.568491,0.74757874
f2de162e9b30d345b1de07d2e763ff6b,165.17639722771975,42747.99239710385,72.7474130980518,51.460354,20.250372,18.0545,606.69684,-17.506248,13.447845,-0.020471888,27.493565,21.716133,0.9207952
ba4966663eab7c63f8f4d5e25e8e8995,142.40531366027747,30922.096892336896,68.00784475071156,53.01391,19.673077,17.424809,739.0316,-16.81126,12.833309,0.22955002,26.340502,21.430458,0.8967134
04084ddb2d7cd200633ab8bd086b35f8,179.60826173536478,17228.57464196946,50.36014253932186,72.60563,28.732723,19.752028,1977.9847,-14.754658,13.125184,0.1654816,24.00269,19.30918,0.7279636
147b904c36f09e226135e14cff73e5e9,192.03016752511078,20498.630448670563,62.3429051260489,84.29656,25.786829,12.869347,633.6401,-13.1219425,12.908153,0.47011992,21.831955,19.016617,0.7060337
6cdfd5a4104ae1049375675cfe3c08e3,224.6524351728166,20651.471663996537,59.42677901636727,88.30292,29.543818,10.566529,437.0932,-12.2279415,12.145884,0.2817902,19.97366,19.438599,0.7377343
886913b0b2e7bdbafbc4e9678d0eb15b,187.1997296612122,14116.023588488528,41.54503483439062,68.906075,26.592815,19.5836,1634.9902,-16.123707,13.39478,-1.6482615,25.868467,19.715647,0.7589108
555411d11f853a03b67a1379bdd9c1e1,163.92184614968642,22989.104368121676,60.51807557576467,65.97393,27.454546,7.981514,196.39165,-15.45402,13.396159,-0.4883938,24.97115,20.724455,0.8385833
33c9598bca0a84851d7abf107e5d1aad,348.7434154007602,36754.857113217884,71.81774364243357,80.33553,30.79942,9.9398575,902.3636,-12.261776,10.91631,-3.7447205,19.037563,19.383137,0.7334947
575ada088a2267e64e254180c2a8e5ad,204.6619897589161,62305.624082477545,82.84522279733935,55.10497,26.003382,11.238098,1690.5444,-17.761255,13.131853,-0.4615322,27.01757,21.492067,0.90193
f9615a999aefa197ae5509d32c39d6a6,129.85646937254617,13608.668028946713,41.85650297425183,56.176006,26.590397,19.231838,530.0231,-15.715002,11.733542,-0.1882814,24.02139,21.928976,0.93892926
27904603617a3e962463afeb7d058503,235.2306207768546,31640.022242379448,64.06253259175139,91.540504,26.247208,14.2819,1036.0781,-11.658712,12.396795,0.4749463,19.686235,19.162922,0.71691966
963c6980af639a4cd72af556e6ae958b,212.3758461024206,15617.669293463146,51.60478023365309,87.44242,25.678238,15.374,734.38855,-12.501973,12.629785,0.4729637,21.052462,19.083261,0.71099436
0b91a7ed3532b8e9effa972a72535734,222.78799156892632,23633.242975317695,71.81319750816806,87.83211,30.648382,13.125676,626.70233,-12.856779,12.505514,0.3478431,20.973547,19.043509,0.70801765
a61ac6fef02a22e7828421fa19dbcd01,251.3600271242742,29924.768359755115,69.84427939122877,42.843956,39.56257,16.903004,840.102,-25.933216,16.219604,-4.682125,42.150948,19.712454,0.7586184
848c6e2b4bd75d3f22d1395e48700341,271.9750697543134,40876.23054966435,70.47832437708664,36.182056,37.494938,17.149918,840.36224,-28.62497,16.277203,-6.757075,46.257713,20.47369,0.818381
9944854f15c0c46a6e5a5aab3830f4c3,198.55513162855948,11351.51883733655,46.44710418738485,77.430885,26.502306,16.27186,1059.3477,-14.191868,13.401824,-0.026438002,24.391853,19.575647,0.74810433
068e58a367ab7f4bd542b23bd28f99e4,214.68176278128857,16909.710338990473,56.799711738521715,87.41142,25.449707,10.730899,443.64328,-12.856563,12.860175,0.5297703,21.677193,18.9343,0.6999037
2066c5297fa49dae69506fd64199133e,199.9277419754749,25340.406123107026,68.42570275904859,77.91941,29.993689,16.826056,872.43146,-14.211726,13.880917,-0.47580564,24.413141,20.382223,0.81110144
866c9c22d592c781168246325acf3849,267.62118857155775,80654.84634785054,123.28718666882881,18.148409,17.073238,51.91066,3469.7507,-35.7815,18.594458,-4.6986423,58.53138,21.668491,0.91675514
900eb9e8cdec734a718879a78f47f0e3,163.7869698081156,15201.300068610899,47.29960827438567,46.698128,37.810265,46.160355,1031.194,-23.490696,15.771523,-1.2725073,38.48369,20.94835,0.856862
419ce3a10957c785943664e53e7ab320,153.2699170633315,8061.711158882237,22.105998197365754,76.535126,31.402088,26.407768,1554.4491,-15.533388,13.988073,0.96179724,25.777151,19.097553,0.7120973
51926bee4c656480e36a3c3b178d523d,225.79213047901214,24134.134359845833,55.83528072500214,88.834496,32.12633,30.24585,2227.1763,-12.574822,12.90522,1.0312145,20.544483,18.868767,0.69508237
9a892651b38523ef6b66c858d6c1520e,171.25888143434682,17157.021665137265,41.699142795736876,61.0464,33.66065,19.591545,1924.3009,-17.350018,14.454308,-1.4273762,28.668194,19.064608,0.7096022
14f3671ae813e44119d025cc53b1d354,171.58411633626633,26001.42500015932,47.22518874634087,71.809235,29.13302,15.859505,348.48016,-14.513103,13.082199,0.15196553,23.452106,18.820166,0.6915419
4d318cbece7b748740a832781372edd2,118.98464470212068,2816.57646567457,23.348056522709722,53.439415,24.607529,47.019047,3350.4763,-15.78677,12.713081,-0.53142583,25.268185,21.45223,0.89851797
b1e593ff3f2e497ad06c13db0f86eb5e,159.2417118301824,7974.695092604817,29.175418648791435,71.484886,25.757933,23.702225,829.53033,-12.860968,12.269381,0.22118737,20.733898,21.25315,0.88194036
56f31326d01d899b64f2f44c19e580b5,135.40828551069717,6015.529917106079,28.079720299486024,60.60583,27.682205,27.51982,1772.6283,-15.322683,12.190199,-0.10308362,23.53555,21.352457,0.89025426
8e1beee8960af6a6d33d2f8c85858eab,211.36829948760916,26639.548559686187,69.52365465148397,77.00724,30.08645,20.171148,485.16797,-16.055794,13.172783,-0.42714062,25.318056,19.109003,0.71291673
1e05960e3f8071bdd9e7f2402331d644,204.44501256209844,25683.429031263448,60.153570839261775,82.34772,29.165009,28.3636,2625.9177,-13.640019,12.451496,-0.31480193,22.029497,19.058475,0.7091581
29f941ce55316f73a059eadcd37c3858,162.5670870611743,15725.096663643788,41.53741530116285,78.09143,30.004591,15.723811,455.00427,-11.330753,11.519922,0.44777808,19.293905,19.344933,0.73060703
3cfd5edd6cde7d970510bcc7ecb006c1,155.31066918886805,11775.942160688832,36.16641655782245,67.350105,26.405931,16.652029,372.77875,-14.802832,12.6965685,-0.015121767,23.53081,19.288992,0.7264341
869e77eb26a893784aeb4ea7bbccde19,163.40416282165873,18936.07664923523,41.74092474824956,65.72288,28.251554,13.844186,372.01273,-17.243677,13.571024,0.9290309,27.294956,19.36664,0.7322973
d288b4f15b0c54bfd4061106f0accd13,183.5413069914172,29400.318026273242,65.71879831753462,60.120403,31.408222,36.678368,2557.1965,-16.567688,12.276649,0.8885032,25.776524,21.634716,0.9138722
dde45a8ab995960927d06f52a06ab8a0,174.6447238353089,21039.36564053238,57.88501970717885,60.086395,27.743881,20.627043,639.43555,-15.711381,11.842688,0.66696924,24.367523,20.84792,0.8485865
37861886c6a362789b9b135f61eb2f28,260.7826502699572,60839.528840169856,88.07317644923452,44.110256,29.51739,19.035685,1299.9883,-22.760876,16.874407,-0.8330026,39.537872,20.97644,0.8591117
2a6d28d0d27265953f842e9d35a87eec,210.60860616695248,25295.08784972997,55.21829661223861,76.355385,32.13609,37.57429,2068.2007,-15.852041,13.275404,-0.5976527,25.152748,19.036533,0.7075521
0f0deebe577b3ad0c73609135148bf30,191.34340835169965,11568.663986698426,39.59557390302031,76.27499,30.677206,36.34008,4578.9497,-15.58719,13.205158,-0.5483568,24.922049,19.212843,0.72066593
0bd8cf3d9d928082af444d68cc9099dc,173.79762471683728,13962.267758504877,54.144265147646415,83.39459,27.951319,22.238125,1695.9197,-10.709199,11.644399,0.15147327,18.773008,19.206152,0.7201872
ad673c9a148ce9eebae48c2bc6b8e680,142.13232931153425,16537.769078325575,45.310404416944614,66.40778,27.152649,23.062246,778.42633,-14.723878,12.746353,-0.049321,23.818913,19.34443,0.7306168
8f43f6d9784ed390a5e801a91ccac4a3,157.31938002924338,13585.334034022018,35.35853462224601,74.96114,34.344757,23.528124,1222.1277,-16.218113,14.277681,0.8522669,27.030584,19.275442,0.7253909
08103679841cb869c90e117fe18fd78f,194.35452202747214,19555.976700991316,59.857247737651036,75.1894,30.267313,24.91214,545.5617,-15.416741,13.799284,0.7225262,25.658934,19.356853,0.7315251
03f5467ba54d6cf11b5240ad0b643342,180.8127084142599,12613.993819583213,38.32319152641418,59.08044,27.402027,14.411091,568.82666,-15.68911,12.848281,-0.6140027,24.668388,19.189064,0.71888727
ea015a89da7b1f628fdb8f409e4b2e79,184.08096144808678,12883.391544175052,32.82310856450573,60.380672,21.702507,12.833009,431.3945,-13.07597,11.401221,-0.6941637,20.018934,19.589046,0.74918914
f974489571c401d26b9b8e704966e1d0,215.14946626244287,22907.38379289167,30.142294119910485,33.41617,31.088148,47.69739,3135.4868,-26.392698,15.479192,-3.941446,43.246048,19.711845,0.758626
0ae6929fcb2120563aec81682ce59112,187.66630914340521,4769.8878179059,8.300074847008679,21.302408,18.027649,79.7271,10278.059,-30.767382,15.566694,-5.381789,50.405968,19.306505,0.72778404
08e84aba21a22b5267bf7e0f762fa216,116.87706098308796,14064.818623379117,30.71359581610807,54.018436,33.77421,46.24265,676.69,-25.232565,15.555602,-0.7225683,38.118652,21.891897,0.935704
d2b782c678e3856bf1d577245b1512a6,208.02316329015972,35175.6542653056,74.31258490400963,64.382614,30.101301,25.137285,1426.2012,-20.403255,13.41564,-0.28656694,29.887188,21.689976,0.91853136
53aa1d4a0a0fdd94f7019442a99e3340,143.68911369364935,17248.670816151258,45.66911077402871,80.13098,33.424294,59.14353,11168.135,-15.590021,13.259798,0.74963593,24.798988,20.07724,0.78705764
d2cc2caf0be5fa811112aacf6ef22997,110.95861578252516,5192.99805306596,27.03154979548626,72.3726,31.800772,39.196938,2590.242,-16.37152,13.116588,0.91932374,25.828627,21.286154,0.88460326
b5c778d5231f70209e8839db8232f690,118.79683760605927,13533.054293565381,44.511506736617434,87.635155,30.192192,21.163132,2387.191,-12.66548,13.091859,1.5472646,22.478273,19.758764,0.7622138
22584a32818e124f0625ee65af4223e5,157.25763736647028,30287.248727827347,50.945627788194265,97.506,29.934813,22.040648,1996.0466,-10.783337,12.408749,1.8508776,20.057844,19.295944,0.7269392
8e3243dcd029cccb2674d781c4e6c11d,158.21976383582648,19629.652438207788,51.88712007070618,115.369865,29.51772,15.793106,1597.62,-8.402348,11.63839,2.5071523,17.246296,19.677355,0.7559426
691375d977a86806648a6252f32b22f2,140.9656804834775,31414.86972296588,54.7318654648132,92.0076,33.394306,16.912148,955.0165,-11.330626,12.14225,2.0595627,19.831942,19.981256,0.77954376
8aec7ed909a1031203eca92114d838a7,108.3268562770073,7352.18495931302,33.344959025234516,103.695175,29.755125,20.706415,2325.4888,-9.262232,12.13324,2.4222922,18.897575,19.218021,0.72105885
bac5ec9f7edc3eb0b3884b405df41d65,178.45165845761298,44898.58025889979,69.6748912331967,85.67395,33.135292,21.337166,1455.791,-14.049126,12.853611,1.7437116,22.849209,21.455141,0.89874125
f6a0030870dce19d327cd1a03aed9549,173.4169481939082,30338.243133717726,67.86021790839423,90.17557,34.10969,28.335917,5672.0166,-14.691297,13.778032,1.409839,24.136997,19.628803,0.7522832
479fa492949ea51b0bcafdde3fb0d380,186.3438963296971,28256.700603954683,50.707872986201785,101.84265,34.510056,40.609123,5654.5205,-12.960303,13.674204,1.1146265,22.703741,19.024067,0.7065777
cd0c7be9292787198847a85093774e33,138.42028622747722,16387.80603590645,42.71091125902099,88.81891,35.014687,17.324768,968.0012,-11.915174,12.625417,1.2627493,21.020441,19.327906,0.7293046
bec550a85c71b698e8f30e761dc707d8,168.22647966238827,32538.33756653274,55.293893708967914,113.832184,30.799498,21.687387,3432.6172,-8.89811,11.895036,2.235391,17.913473,19.656033,0.7543138
9bd7e84fe298707dea118eb318521e8f,159.56660942632806,31000.19868963551,55.321953251829235,101.5605,27.970072,12.96424,574.39,-9.860723,12.019555,2.2528207,18.573214,19.757984,0.7621753
d64afb3620462e76615ca78fb715c393,209.7499695843401,71806.14223849161,105.27616949682087,82.947624,38.15519,22.31074,1833.1056,-14.311679,13.074413,1.5921419,23.795275,20.47214,0.81829107
1c8cfbe711def859904e6d7af3b010f4,254.5824033531265,79581.76378356978,99.33983164752654,95.49816,33.70186,11.0782175,416.01605,-11.870351,12.00457,1.8774965,19.55594,19.906384,0.7736655
957eb5d427aff9e8370db61476a4b596,200.14299921763558,47765.19462815383,94.84874465939106,98.11418,31.006691,10.796886,306.97662,-11.536117,12.055638,1.8800262,19.41968,19.553606,0.7464837
5822fa199b95a84b79d7174f63ed98cf,136.39767737302031,19446.986774812518,43.40522178495743,101.70848,29.007843,16.269123,1183.2162,-11.116154,12.242138,2.4857712,19.286493,19.374796,0.7328903
baef59e1943027a5750801602e7fca2f,182.8949577901164,27872.398629012736,67.76094611951947,110.56063,35.90867,14.597485,499.21725,-10.350428,12.421019,2.0412233,18.892,19.259787,0.72420454
1660524a6c4fa7c37302a93d9b656fab,161.41379546717374,16782.539055908026,51.24526490780826,103.596954,33.67966,12.389507,761.76965,-10.834375,12.405748,1.8246511,19.443026,19.238604,0.72259325
f38f81c6d11edca46f0055796e951c07,207.20030316359595,34990.933030720444,66.30971451055142,123.37037,34.960365,18.088354,840.8467,-7.4129977,11.669637,2.1129656,17.02108,19.474283,0.7404059
e69956bb1ba32701402d6d9f2c1f9d38,133.08988020270024,18732.288148507956,47.410661869015044,116.605705,25.942945,19.035336,1699.2607,-6.6391997,11.37843,2.5445645,17.08985,19.706614,0.758179
f4fe42687ea894048de308c15259ac06,97.61318068796558,4179.196055668699,27.75145322108954,107.63192,24.842049,15.718126,750.65607,-7.7830772,11.689718,2.8395038,18.027796,19.497467,0.74220884
72abf1a21c99d1b07b8a598bf7d4146e,155.97664399765463,79915.61784310556,4.847201054672357,37.00788,17.055862,36.476475,1607.0299,-18.62758,17.141283,0.039500043,35.038345,21.6357,0.9139192
eb58e191309376b57a07da0aa61efaf1,83.8959221470231,3255.338992353449,13.86286528737649,77.45617,35.109905,19.042772,539.4535,-10.032233,9.886192,2.1635191,16.045729,21.642212,0.91453844
61728b5b10b29890b6754272be673925,158.94020954881412,19581.379637396356,38.60517177823517,102.62984,33.96928,15.700631,963.02704,-8.438671,10.359723,1.6540309,15.244296,19.60233,0.7502322
23babf44befdfd3b24f775c4df1fb47b,175.88213287608158,31600.95993603238,52.49314770843182,113.81465,35.262947,10.1845045,477.7575,-7.591763,10.593098,2.1377447,15.547319,19.1327,0.7146478
0cf5ac51738f9d2fb24bfe9933fb178c,158.05323044300454,23516.081383003115,54.55612959568747,123.62336,38.217663,25.2163,1429.5505,-7.1160216,10.831293,2.4413867,15.679129,19.071901,0.7101554
6b9d66f04382897c3daa0be0c9f56069,237.5681754069261,64743.315870663275,65.6844537416413,117.64855,35.31567,34.52365,2014.4647,-7.6533046,11.263057,1.7684431,17.008587,19.637627,0.75288534
4524d2aa062586b2bb880c435c6b07e2,286.7206721927393,131986.79378517024,133.98086333052655,118.75591,31.580423,16.526611,1897.6082,-6.725988,10.298404,3.0590625,15.730499,20.384083,0.8112131
2f4b74988d90043467d14180ea5f701b,247.216962782238,80696.4652069763,74.27486585558405,110.15287,30.315746,10.187671,223.94214,-6.7736506,10.228241,2.0014608,15.60911,20.625372,0.83057964
9c26205ebea2eaddc12ffe52b26111fe,271.2154186921705,45683.43552096518,70.32652347522529,70.79487,29.495386,15.772142,1857.7616,-13.642138,14.746692,-1.092801,26.562263,21.897915,0.93622935
a68f3630e54d134d900fb5285ce4a762,205.27693516893993,42711.48096213464,33.632798516777406,71.86389,33.74477,18.06947,1795.6532,-12.5040245,12.524487,0.22698198,22.247402,21.310377,0.8866884
8b60c102b70262303c6f37f277160c4b,92.02314008326245,3576.900363856586,16.954514434321606,109.49154,27.750376,14.769154,970.9411,-6.0426183,9.169742,3.230252,13.382242,21.86624,0.9335429
cd7390dbfd3c13fa7545a452221805a5,114.58557160413771,13668.720876803594,23.27330604238941,127.60145,31.573664,13.644528,365.62482,-5.27814,9.922873,3.0829208,14.476934,21.253613,0.88197166
6230f931147f359b7776abc1069c9b69,191.80367588817197,25249.701662375464,40.27775278267153,123.51164,40.03651,18.840868,1596.0342,-6.3533983,10.686285,1.658106,15.455942,19.804258,0.76570976
6206afb25bd3880ce170934c92fbd540,185.90842837008012,20000.21494013145,52.50868991360114,128.04483,39.11834,11.62555,370.36163,-5.613577,10.258196,1.6892947,15.080892,19.75549,0.76195395
7951dc8a8a45b973123c73209f4360e0,244.35575104698583,42432.571742924985,58.05534429065153,123.144585,43.58016,15.423212,546.8225,-7.5777364,11.925586,0.30167988,17.96431,19.96271,0.77804226
4c2eb9ff4f1c81a4379ea149b96cb35c,286.8237516828745,120135.03048051732,113.93142260375643,116.985565,40.058258,13.345113,467.3709,-9.09899,11.296842,2.2202632,17.590076,20.708586,0.8372059
6f88d83b27c3e429193d92ad83ae68b9,236.40710360282492,100258.25789894455,92.64763217908371,113.952515,38.88965,17.833633,1306.8625,-8.765573,11.524461,2.5939078,17.905651,20.628525,0.8307979
5f8e330333a5faa0752721a0af12b08c,165.46717364829806,57371.77891820259,66.61941857144417,95.381134,33.268612,18.128115,777.0921,-8.933669,11.142427,2.2168067,17.135128,20.95358,0.8571959
1ecc9bfa489392a25cd83884913e3d48,127.60071331854388,34760.252583181275,56.485420363746684,101.522865,31.57478,33.12235,4674.4224,-8.055183,10.671389,2.7993047,16.25673,21.453382,0.8986156
5422e9bdb8f0c3ded2897ee67a510f84,164.04974612265735,25316.768961760597,46.49401548858295,114.62738,43.045803,16.141798,517.5477,-8.795072,12.087633,1.3974613,18.541435,19.645624,0.7535781
1ba2685c3809d04d55b3be5cf77f1b61,191.68865419903287,24796.113227533755,71.14450194642274,132.5271,44.513454,17.339178,600.1677,-7.7413034,11.876166,1.2800535,17.707386,19.358877,0.7317094
b84cc686a4b6dd0377450a10da6915e9,171.11511695008613,14415.586040822593,30.892354937652588,113.991936,32.78662,20.85223,1232.8474,-7.247998,11.156172,1.366123,16.889215,18.97717,0.70312613
256d33f137777ee25579321dab5da27b,245.57458811688016,85115.060853926,81.0474615716753,116.72818,41.177578,20.444283,1162.793,-8.234703,11.656607,1.9049963,18.013897,19.808907,0.7660476
1b11512f38af9d2522ab6f1d1c5a119d,280.3880897603163,113716.03080554944,133.05682100701904,120.10549,35.391262,16.1421,1306.876,-7.2787743,10.818109,2.6293645,16.567831,20.68831,0.83560103
b6459784ba2928ddb3b8d04b59e1873f,218.91520860851395,85704.40816587662,92.62318282055766,112.79187,30.646,18.438545,1311.1443,-6.637355,10.121447,2.8851516,15.341175,20.534605,0.8232715
e69abe0a83ab771c88a7b3ca9ea54514,157.92119273973142,55350.84799391097,63.67711682206918,99.43596,26.670818,17.2856,564.1817,-7.9645176,10.492875,3.1655955,15.780149,21.688654,0.91846335
c89a3343564a9bd899ef1b7685ff9aa5,127.19161165735089,32292.210724829456,43.005436510072435,89.54641,31.29365,24.25702,2587.4868,-8.486114,10.873127,2.7379587,17.141243,21.685196,0.91814476
b2c3b204071733a50ceefe24b55def3f,321.03753457485715,62729.93998476287,16.662682960965103,44.627228,34.44842,44.7629,1573.5519,-25.620481,18.516119,-6.7117267,46.539837,20.859062,0.84947807
5ab643c05700ec802d44a0be5c628a85,115.66052196340236,3089.75473158639,27.329882826096735,93.88496,23.236055,10.099955,302.33353,-10.709675,12.0669155,2.152316,19.651194,20.142357,0.79210734
d7d03af251e266aad6428af731fc53db,120.93286657231822,4094.326009683375,32.79902526943679,98.207535,30.054989,13.3671465,385.71802,-12.782372,13.167114,2.116126,22.271832,20.326439,0.80668247
8eeab6b1c9d7a49346ff8e19c862226e,124.38275399164779,2935.3239891571743,31.43860366738924,107.46912,27.465925,11.507555,989.897,-11.206492,12.408562,2.5808308,19.215687,19.338556,0.7301503
abc0c7f2dfe9669d5f8ea24428658cce,106.55293678864058,2554.3948702636335,25.179191972123203,107.19143,23.828358,11.316149,674.27997,-9.651307,12.4927025,2.5502985,19.459105,19.080475,0.7107614
5b357c9023f3e46f7d62c8c4f7b7ee6f,104.07259817602885,2269.1823186425027,23.80609420944815,104.79261,26.654419,17.75513,2227.913,-9.404763,11.880557,2.7125735,18.410189,19.852186,0.7694783
56cf02af119b912a3bb27a3c850ff14c,115.55600967885515,3883.1205226781335,31.605718074688077,108.21699,27.029888,9.376581,438.44586,-11.084468,12.842506,2.4425757,19.765505,19.170986,0.71757036
7979402e0a43b9c400f8072949ffe278,93.19431065007494,1684.4915407932651,15.377074601028111,97.90459,27.698076,23.043867,935.3944,-10.803901,12.85274,2.9697742,20.338154,20.815956,0.8459877
9ab49ccaf09681a5c2c849f8c8d01ccb,90.14081779838571,1401.3303673517064,14.612713723155798,102.2922,27.649752,16.465273,716.2947,-10.470368,13.477126,2.8139899,21.295038,20.460415,0.8172946
c87601e68db71117f19556c421a050a5,85.09164959199676,1042.6980032694166,13.325127990746868,105.16148,27.836939,16.829115,766.6523,-10.923942,13.495742,2.5959153,21.388603,21.13216,0.8719368
578fac967a17b6ebe24027f9ce15c9cc,116.07474835190192,2590.7140671625975,22.206032694428014,68.63416,33.040344,57.364243,4937.395,-14.9262705,14.32315,-1.0123731,27.520845,19.800974,0.76551574
e29ba675bdec91798884aff85fcad350,97.50270179444249,2683.331303473569,22.608922447960246,104.24883,23.385101,18.10763,1322.278,-10.922775,13.097408,2.7435505,20.87842,19.418215,0.73616713
936dce638160fd168674bbe2c0f77b9b,98.07188258098634,1923.8725096500114,21.6395414193733,105.686676,24.977242,8.102225,192.3464,-10.429355,12.870219,2.8210986,20.141075,19.25281,0.72367036
30b7d62ff47e90be5eb9bd594dfc2495,112.02913598506166,2606.6867744294027,23.103949447675365,107.533104,23.506144,12.029377,595.65674,-7.8155284,11.811973,2.4078233,18.161564,19.936207,0.77600396
3d05f806e029a6fe8a67c8c57ee5b563,123.10192242337119,3015.5570490921973,23.731856706933247,112.86944,27.543844,14.39793,811.322,-8.30125,12.263744,2.241724,18.554577,19.987028,0.77995384
cf0dbe82b0db31f840baef621b6f459f,133.0746902172015,8637.451833276826,29.030852175246054,73.682846,38.69255,21.116596,2251.621,-13.605179,14.367852,0.043680448,26.479847,20.54906,0.82445186
a2f6371fdaa7de7436ac3ade5216d211,110.15377017612911,3661.4495427253673,28.004684581450313,99.6864,23.292627,14.689775,586.68744,-8.21918,11.813325,2.3201835,18.140663,21.730268,0.9219885
e97a69ed4e5f615af223dc4076446b53,124.72152809358315,9029.147523761598,38.07550871695254,109.246796,22.672815,13.841511,587.216,-7.4455433,11.287905,2.5233335,16.926344,21.601479,0.91109014
841e9a1000903a6297001ccbe9252f0d,133.64217692176106,4140.452223906879,26.360939491213966,82.24572,37.120567,58.150475,9243.351,-13.761635,14.740792,-0.8147853,27.367159,20.0682,0.78634053
5538810649039e13fc95792b8bfae938,96.97262075691664,1916.347947117897,21.273185850138688,103.406685,24.489067,11.601671,489.42194,-10.821488,13.093416,2.7589781,20.83384,19.10482,0.7126379
d6e5ba8a8403f2b24c6c5a76f6ac63fb,94.97308818265296,1956.4813276407222,20.356040915825304,108.35041,23.692646,10.56503,468.16553,-10.100092,12.848212,2.7971714,19.847158,19.27348,0.7252075
3fb39b2d2fdf54cc3992e0d329328e08,107.74828926142861,2896.823902047928,22.386405918323717,103.23543,24.041847,13.853834,512.78973,-8.278141,11.294936,2.7232454,16.966455,20.191936,0.79606193
9de06d858e7e578782510859816081a9,130.02296616914427,4513.911802839404,36.78573542226028,106.68455,28.755745,13.133256,1302.5433,-11.215085,12.571598,2.5260098,19.30815,19.075388,0.7104336
58e247486709575424ad1a17ef6b9d85,113.78833590975684,3363.8304040067974,30.36456056910117,106.90009,25.893,52.3133,16684.361,-10.162005,12.406502,2.4247026,19.500624,19.197535,0.71952486
4906ab0a598ebcb3fb4d996aa1cf3b3d,104.24151439244766,2806.502252955101,21.29239115246347,106.74359,24.743069,12.327412,1037.3118,-8.7349825,11.630139,2.8195038,17.810638,19.829424,0.7676955
f39057dbd93e111708d30a86cc2918c6,116.41845378537668,10379.706128234562,27.88728384228467,101.53031,25.306946,17.935118,847.0035,-8.953737,11.9476,2.6549354,18.414669,20.180351,0.7951086
f1d522a336cdc83fb13b79fcd06478ff,183.1886938349102,18438.916708601453,70.62781197248353,58.065178,36.157097,15.24822,680.8786,-19.045483,19.21398,-4.0248947,39.01941,21.572237,0.90859294
3b7b3c7bcb3d94cdaa3a624833700ea1,227.19033094924333,26701.241678934555,74.37682520830148,89.06283,32.38876,11.108053,524.0593,-9.275341,11.299534,-1.2459439,17.989944,20.441437,0.81585574
c04c2aad5afd7505d9e79b3da152850d,206.9300544588381,18724.113836729168,52.915027849122545,110.04508,31.983341,10.784045,277.992,-7.667644,11.724993,-0.066986024,17.884071,19.115736,0.7134129
0550a5da93362200a7195af9d27230a9,301.7725776622623,46628.44194660538,77.40773664775256,129.00035,33.62599,11.102008,582.3434,-7.184161,11.5205965,-0.27426487,17.175524,19.588112,0.74908286
ffdae4ee3a2765f3a3db7abec7c4a058,220.96518406227108,35042.50149290615,54.17629378441934,116.281624,35.017494,17.362803,1138.0166,-6.9856486,11.616495,0.05748485,17.788664,20.10463,0.7891472
ec6eb415a85654e49e2e27978b85cbcc,235.7410473877228,45738.9968748185,89.24375137149003,105.08209,38.893547,24.97194,2478.9456,-8.473799,11.9212885,0.47617272,18.39447,21.657537,0.9158284
b1540cd6feabe18db6c743c0bd119d49,160.38379780448946,14088.693186210683,47.889161390438225,85.2091,29.591497,17.0142,683.96295,-10.361059,12.73165,-0.40514353,20.110472,21.550695,0.90683174
2485e47e2f13f3039ca43bf49acd26c4,185.10740656513215,22671.914289005403,46.929684596783446,121.59226,26.012156,8.803293,338.34088,-6.360367,11.916349,0.56317353,18.452452,19.568766,0.7476162
24d974f22a154ede881803087688c55f,186.64008651116154,37470.41960819595,58.91985707354841,103.83123,34.739693,20.927794,1278.6663,-9.486674,13.223789,0.88489324,20.508537,19.789476,0.76460236
d6c3e56c8a24afe5533394f6a403c633,213.4311504790826,19815.223676428734,63.094772360889145,103.16568,33.8872,49.958687,14611.329,-8.152252,11.247884,-0.3115392,17.271164,20.151453,0.7928741
d456fa72ef47c3416e88f410bd2cfdfe,263.65185629614524,46649.24040914448,70.4497786683334,115.401,35.819996,26.712784,1120.8733,-7.890418,11.870925,-0.35255492,18.337929,19.928913,0.77541816
224ef62765349d8ad7b19abf228960a0,319.8348871270536,66691.31671710355,114.71086187774488,103.24109,36.296047,49.032623,3345.575,-9.718583,12.205205,-1.5268364,19.437584,21.805868,0.9283964
7dbee3ad2748ccb6c1ba273e8b868018,198.47993617424768,23184.432064558383,84.22165988287634,92.14354,26.142584,9.872319,298.69305,-8.527517,11.285602,-0.87260234,17.462831,20.893393,0.8523043
38d3fe98ba3bcc64dacf9d281ee4a065,180.69486507841813,25034.663062486823,38.13038658486916,113.60242,25.995457,14.044161,828.5456,-7.3013067,12.152029,0.67131853,18.550007,19.943644,0.7765734
96bda6cb453988951824f4baa34d16d2,173.71334818335967,18410.110157253755,47.994918264515256,89.52036,36.714905,18.178967,1478.7333,-10.271395,12.621479,-0.20804247,19.915236,20.081345,0.78735596
9393395f52be6754590978e146e502eb,217.28708558309808,27612.284665405405,48.11035169552437,114.88777,31.228844,8.207814,196.6375,-6.924287,11.079719,0.1900155,17.005226,19.265678,0.7246274
ec94cdbad59e4e23ed00a93437b9ad57,214.14350361534426,25291.449245584827,80.03661128589953,86.02559,41.169594,14.854159,786.10236,-11.194562,12.452543,-2.0145106,20.220304,20.820492,0.84635746
ccc1587a602401c5df1319b62491ad70,414.24732646287043,48795.31964613506,99.72467885377061,110.890274,36.924454,14.567861,750.43085,-9.925407,11.87218,-1.9741012,18.582449,21.33583,0.8888002
3d98af9bf66fd21cf85a59140e2c3c24,180.77587557881117,8658.872121927534,33.45822623595024,117.96752,25.410873,11.9173355,537.0589,-6.9011207,12.000752,0.30952528,18.369232,19.444794,0.73818964
10b7907655d9c58f97d30f6b1a559b44,177.08067756345437,24576.022540032525,50.80748140256588,103.10715,33.595024,16.52014,464.50912,-9.415506,13.176291,0.7461361,20.266752,19.651022,0.7539278
2ae157ac27be7ca50dcf4e3017afde5a,201.95101522077522,19787.122582826225,51.3522701932895,100.645004,34.125324,10.736432,416.31348,-7.9449315,11.072763,-0.31714666,16.921278,20.226274,0.79876065
a3bfcb6c469894f67451b68c26b27d6a,206.03034494576508,20206.221668572343,52.41253175321632,115.12467,27.70328,9.646827,401.42062,-6.849094,11.162807,0.34236005,17.020798,19.40692,0.7353145
3b96296d4d64e67dc6dc3b618f7ec76e,273.8970668253155,39976.69055216321,58.023405587080674,120.80176,32.05756,12.612439,1737.1862,-7.0850945,10.91695,-0.045184832,16.196186,19.517841,0.7437332
27319698a01fb2b9d24b716cec1c79bf,325.5081243073332,76353.31695311847,45.44595475734104,49.113644,37.25105,14.485354,491.36462,-23.095692,17.135324,-5.2467723,39.20031,19.555819,0.7466137
34adf15194a70de6fac69f2e421cb70b,185.23827882031088,18028.37743461239,38.84027083788761,96.659164,48.494587,39.27749,5905.2905,-13.336386,12.786888,-0.6613127,21.970144,19.02056,0.70631826
0db06e20736c4dfd8c5cb3458abfec3b,136.3552325171913,6443.230211337634,33.68823136522946,118.695564,38.37747,18.840548,502.99515,-10.647569,12.572271,1.0250331,19.309923,19.699183,0.7576558
9424c8f1fbf74d25bdc3560129150589,162.34641755716922,17828.81428796863,41.89862945802905,121.790726,42.698505,20.829535,633.9655,-9.898609,11.551562,1.0012673,17.549595,21.411043,0.8950551
18f098c13e0bbe41b3bb0b6ab0f70683,191.08924650865828,32807.91518351411,52.44283115766118,118.95227,39.687054,22.186203,1418.4373,-10.493737,12.512378,0.9626307,18.938496,19.65171,0.7540032
bca9f7669fbb86d9e7fb666cc754bc0c,163.93367951052008,19967.523466939718,44.308057443529854,129.63933,42.13475,18.58699,782.9356,-11.194881,12.4896755,0.8365686,18.79295,19.44761,0.7384218
d0296a844ebfb7b0c2fb2068a463ea5c,174.65691483533683,22622.029128898466,39.368658450329626,139.20938,42.892635,19.490406,1940.5306,-9.699413,12.420715,1.0879381,18.331085,19.593714,0.749567
2efd99d0a2dc7fc51d82327c825a055b,169.3122906850719,26976.41354585745,41.11855864533522,139.1202,38.05294,17.028603,2238.1973,-10.097913,12.765832,1.2162701,19.144716,19.41713,0.7361091
c81a6e127c375ace1b693691c6aafc92,149.30627913827155,8069.459653179239,32.620643736693985,132.23695,43.550045,14.975018,492.98062,-9.670654,12.523977,0.97918165,18.732702,19.874922,0.7712286
36df27c499923690d90da23363742ef9,162.79981443492827,12170.540172229501,43.92203757949606,122.43738,43.049213,21.924402,958.5117,-9.818378,11.986248,0.5506966,18.471188,21.225437,0.8796202
523b06ed4d71919b366822e221539f26,157.6013432319486,16913.076184086523,42.68078892158432,122.36969,40.47086,23.42813,923.8075,-9.831547,12.320815,0.9702782,18.417217,19.92707,0.7753086
cdc0b7e18f9d7b0d1cfec1aa30927c8f,129.70117171389606,8545.455736993672,35.00254559045288,123.3658,41.439228,21.907728,1146.9688,-10.075558,12.837023,1.3711098,19.094017,19.637186,0.7528647
55fb93bed93255f14aab42c182bf45ed,272.50051183832886,56033.09336191493,48.48513866969607,134.27158,43.740913,13.023954,1179.928,-12.098788,13.937378,-0.019602234,22.040068,19.143793,0.7155224
382b54bac0a3a51f5c25c823953d5124,178.48286522825651,13890.341642819738,47.5931614991285,135.55388,39.29957,20.84773,1945.3942,-9.587327,12.510294,0.8619465,18.55808,19.2894,0.72643924
7b6300459f20427c2f38d490149172f6,162.13057206406722,11684.83763285324,43.923004127977386,142.16786,39.391937,17.386826,1240.6464,-8.849829,12.248628,1.2604171,17.558708,19.448067,0.7384176
93ebb116212589931abb7bb2b6d7c56f,220.9197983403519,47580.478730496434,64.78350564243779,134.1802,45.958015,18.917505,968.111,-11.7637825,13.581608,0.5567777,20.855684,19.336784,0.7299969
ffe958dc94678455a982c40036334c41,149.6080686556894,12424.328848550866,41.56874180134613,112.839294,40.055492,21.84458,1891.6176,-11.440392,12.671722,0.80485183,20.033672,19.760569,0.76239884
bd7876ac261d0d6d50e1a3868408493b,184.52641307499536,25863.19532557302,63.50738569143634,106.67404,39.375877,16.46646,637.6009,-10.093877,11.427434,0.6350931,17.671309,19.802868,0.7656275
bb181bad730b5a392111509c17ba4bcd,179.45607599249988,23955.134417359295,59.58161622647358,107.70195,36.73612,22.625425,805.04236,-9.828709,10.788841,0.7542791,16.231005,21.648361,0.9150369
61536e7b3fe5ce3dba16615b192bd8ea,131.387422269043,4309.6004042391405,30.6518683506797,122.979416,42.084835,25.100384,1599.5884,-9.46447,12.019814,1.0528843,17.886398,21.66089,0.9160765
1cdc70efec429d3b85ec86700a2cabbb,208.60168885412594,26189.574183450382,53.21266993791666,136.9114,42.939068,10.731287,363.70535,-10.533407,13.102695,0.18660253,19.916716,19.583645,0.74878675
606b7c16d685f88c0fad67a7e37d59f2,204.3262937391322,23240.067461370738,46.41849473650071,143.9831,41.90403,14.064749,273.77396,-9.120133,12.271971,0.96398735,17.721146,19.654663,0.75421333
79127afacc8159463006fe8983e8791e,162.95059272795598,13380.897279046541,49.340578203169265,135.94366,39.000763,15.315239,454.74243,-8.876454,12.217119,1.2246261,17.982851,19.375248,0.7329061
b51a39f372df1c256fd4828ec3f96260,154.75666451883916,11398.728978056522,36.54159852692416,133.36098,42.473152,16.73421,342.41953,-10.012039,12.8941765,0.6609871,19.142008,19.36538,0.73217154
d1c20b2fd1b2fea20150c9c82cd4a80e,131.45712010440343,6244.7425703421895,33.062037711593625,122.366615,41.40352,23.277832,755.8398,-9.062981,12.175699,1.2425733,18.03725,21.05915,0.86584973
6c2ed2eb94b2d2ea1facc6ebc7c210f0,127.62948317871194,11718.659220856567,28.99046198290328,102.35312,46.57433,26.294716,2026.0441,-12.119905,15.606099,1.2795295,27.526829,19.992306,0.7803543
e045ffccc33e875bb6ca42d6d7f2ba15,317.2274365738789,97215.05513145379,83.92769956162633,57.796444,43.12074,19.818674,1123.8158,-23.471329,17.799715,-2.8573918,40.632977,19.750513,0.7615775
20d0bbac60114e84ebd2f2381c7cbfc8,230.1906925435388,64603.69591364884,76.64592972023192,64.745155,40.189415,25.666317,1600.5275,-18.267996,13.306062,-0.9782856,27.60138,19.75971,0.76227885
4892edf969780f3531e561fb35bbaf70,221.07664817009206,36467.29201676123,79.87652897598372,97.765816,38.789135,23.82681,936.0654,-19.478329,14.579921,-0.20329973,31.238337,21.85781,0.93280727
0abbc5d5758fcc45d6f574319dcd5130,286.8467810268121,83035.9675114282,97.81888666229504,95.09496,43.616863,41.978973,5696.684,-16.22166,13.363699,0.6483545,26.264103,21.194086,0.8770145
7a83da771f1f357b9cf08a72d0a7578e,134.9556946087764,26271.561542077947,51.41475858590392,94.600975,46.954918,15.0283575,587.603,-12.783891,11.954205,1.8667116,19.988396,19.495106,0.7420553
a74692058a6088022a295a87806f3667,121.5963438118942,22410.00385979688,40.732791395410615,90.61068,42.664013,13.217832,610.4108,-13.517448,12.280102,1.711426,21.05913,19.531921,0.7448758
36324830d636ca4fa574974500a7af83,107.20112108987884,13486.453138487339,29.629861095377155,97.1723,42.247787,12.215019,679.24615,-12.215514,12.0180435,2.3032284,20.047617,19.433542,0.7373595
d1c9cff71a0510556fbe91844a9b9cca,72.06676579604233,1488.8776354700349,11.29382762392534,108.255974,46.546165,16.420881,1075.8418,-11.689105,12.588085,2.9125106,20.83042,19.565289,0.7474099
c73ab30d312a8f35d33664a8a3010256,136.63493667357162,30578.52375487752,47.9745079919302,96.972755,44.5131,13.266798,503.86377,-11.830655,11.948101,2.2114427,19.555262,19.247046,0.7232676
42f6cd8c9dbec7fcea921ec87c7dfa78,100.75535691452014,20928.93931961757,26.62895649878592,84.97814,48.082424,13.248926,389.4098,-15.253334,13.312225,1.9800249,24.344997,20.812832,0.84576297
7a224751abf6cacb67f5dc1c23d0b32f,84.20352424339622,4877.1042252100815,18.954364102074845,82.000336,41.23108,16.224426,457.60657,-14.737802,13.444568,1.7952867,24.264828,21.97525,0.94293654
3a9255f1b5de09bd7b22c4a2509db70e,105.9853526723387,9999.269037689168,38.417768821796436,82.76809,41.84031,17.57354,606.3248,-12.942431,12.427038,1.6559161,21.333094,21.752886,0.92393506
3a6ea5c22d0301b625811ed79ebc5d93,87.45759071098941,9198.081830475101,21.426072176146842,82.50836,40.810192,16.6747,1430.9152,-14.694089,12.925832,1.9815661,23.162651,19.44855,0.7384958
a1299df24b203a259a6a3bb0714d4fd4,174.08185187680667,17754.140819911787,48.84347972715823,78.1245,41.456974,43.928474,6097.1035,-17.645594,13.081966,-0.09603111,26.335579,19.249872,0.7234787
985d8f5fbb8b875d8f4441aff81b92e6,182.68706816347316,21331.111709215056,50.59116647103665,71.76198,35.42847,27.23185,2554.992,-17.965738,13.283776,-0.23987456,27.117605,19.101208,0.71237504
3c577e45ae3ead0b3dbaa8aedc9d9928,232.36685937303034,45845.95746853221,76.65007572557606,84.90431,43.290894,20.978235,2343.7932,-15.559688,12.447566,0.035445035,23.261324,19.374195,0.7328429
8dea1d997a2eda32140fac997bccbcb4,166.53152535755882,38142.424328996625,56.052084651818845,94.35971,44.187912,9.893132,182.30731,-13.240166,12.407949,1.8149593,21.077888,19.4869,0.7414274
075adfa8f1394a4717d45fabce3e5e92,108.17930151122935,14254.167135332944,31.698950026027326,86.403725,45.37914,16.377209,785.1632,-14.357762,12.376326,2.037406,22.381361,19.95704,0.77767736
e0ce8e04f012cb016b9e932c16d4eee6,138.37818315663992,22310.48408352706,33.027009452103016,80.21641,49.980785,23.336317,1722.8989,-16.291159,12.456225,0.8788977,24.521694,20.900803,0.8529224
44395ee29e42711bc99948e6494ac239,169.28790214912806,17370.65063697267,46.43303227069026,80.80592,47.930878,24.20892,911.0926,-17.428352,13.283556,-0.9072507,27.202152,21.459053,0.8991288
9427d20a79cc0c1452889faa732a21b3,198.17673834659018,24713.169199188673,48.23547850902798,79.265335,38.91739,26.185411,3266.2373,-16.00968,12.944724,-0.65960854,24.845943,19.706322,0.7582202
90e90fd61a0ffff11e49970eed646a5f,178.51425852364633,16567.37024798115,44.0413993729896,78.45263,41.321545,26.091137,1402.9141,-16.324814,13.28344,-0.092101164,25.402714,19.490845,0.74170077
ec2c5ca972ed9f66c288399b0b8854c1,230.11491468881238,47808.39561859082,78.55148312836235,84.2941,41.99668,11.587132,278.23892,-12.671319,10.535686,0.14249016,17.777315,19.465828,0.7398128
9003eae579f9415a44d46fa37cc5f400,100.2857712506155,13826.188979909035,30.66479937841389,98.82801,38.65426,12.781745,479.83682,-11.330091,11.768656,2.24321,18.676838,20.064085,0.7859372
7384f2d03ace0a938655e44827517e23,120.05743326164026,15192.432191412343,32.730919824297814,93.99276,40.064762,11.112522,403.62253,-11.448564,11.587489,2.0947027,18.709393,19.407387,0.7353879
9bccad4f24845a3922d51b2fd6bc3714,85.2696382073442,5700.880473020641,21.582987515381802,104.955864,41.853127,12.619614,458.28073,-11.151945,12.035484,2.7365825,19.740362,19.656712,0.7543885
f98f6076d9646eae2b3d290c61dd029e,88.50031847397365,11133.872819953565,29.384017737753304,103.32789,40.614017,10.277231,367.4298,-10.7029295,12.039067,2.824483,19.42582,19.627604,0.75214887
3ac3e89cdf5d6d9e61916a26255dbc8c,86.21812356536687,5597.8243657173325,20.706563498457434,106.46149,42.985657,11.867282,682.99097,-10.4429455,11.889588,2.8407943,19.22433,19.610373,0.7508532
fc6e5418daee5b2505db4a5186693473,85.12153259875065,5582.675284423528,20.57830093913344,75.13551,52.623714,43.775383,7681.0,-20.69045,19.69419,1.2008157,41.514374,20.482435,0.81912446
14200fea375af83fc8f871f2b5832420,284.5162763679018,61418.58842021053,29.722450815816273,43.873444,33.217564,23.537409,816.79535,-20.002317,16.722313,-4.363013,35.74717,20.663372,0.833613
dff6edb1f8555f4a50d4a3b8c961c4e1,161.9369361333952,11138.621258708847,29.144599183440967,59.314827,29.239183,15.277661,307.05084,-11.290393,9.774708,-1.3335284,17.350025,21.31172,0.886831
c7c9323fbed18a78b67e79049633b6ea,140.50187232319027,10390.308167076515,38.69839190054583,76.973595,22.618572,9.778065,744.7745,-9.753002,10.4278145,0.0018260204,16.319002,20.497353,0.82036716
e8ee230ff0df55b8c9a27e9b2b0ee6be,135.62143273389034,18393.428484206084,30.49980508632135,79.46945,23.468025,13.385035,596.77155,-11.378779,12.075181,0.7787277,19.162722,19.517601,0.7437673
3085dac3fa903c1527757d1b7e9ee7b8,133.41148483375886,8781.488787261209,27.680881227251213,80.32296,22.898909,25.876154,3197.038,-10.506543,11.465538,0.679371,17.706219,19.528574,0.7445946
e9bca797b33bc400fb112c0587d911e0,103.7326564543903,3333.6041565910277,25.71781594413536,101.554115,22.224339,9.916887,459.11438,-6.759801,10.09503,2.09802,15.4402,19.37402,0.7328225
ac2088cd75256c2d3c8bf23ea09e17ca,160.10504896856358,15392.496841393304,59.829187150208504,95.46346,24.082699,9.179706,547.1674,-8.431671,10.781321,0.33866367,16.767122,19.719213,0.7591807
6efc52e7a26db75b98459b1d8b5ed447,166.1230671985359,25651.14291446231,51.970737923030825,93.178795,20.314835,7.5178537,173.7729,-6.5179796,9.27143,0.9888413,13.831655,21.299559,0.8857516
89003b02a7bb2ddfc1ef713a014b3c3a,148.8209590290657,10751.148863711243,36.67921377288847,75.14194,26.885906,10.527354,419.9551,-9.088007,9.736294,-0.36238247,14.980681,21.41588,0.8954948
d8c518e0faaac295212298f901425b3e,133.34587678257108,11398.826148152992,32.71308551212084,67.794174,26.081814,19.622074,495.36502,-12.271881,11.923893,0.42392758,20.59533,20.002197,0.78117275
4a8a1f6de2d797c44507004b6a7ab703,140.45080844662095,8093.330060912799,30.478467582641162,83.037834,20.893229,9.433811,361.9411,-10.115286,11.291359,0.24996097,17.796017,19.401722,0.73493594
afa6645d30accb2f544bfa9d99122eb1,154.88436076461804,9911.243678247783,30.794292526010697,83.079254,27.20423,16.415651,792.4015,-9.50294,11.092314,-0.19948755,17.040047,19.76679,0.7628395
a54a9219fb7e53433f8bf49d823f7f1e,131.26443356566386,14216.74486479439,31.333987304378777,97.95504,27.21992,8.019108,261.22217,-7.5570693,10.298955,1.5303022,15.679309,19.427963,0.7369023
70b1fdead2cff6515e45a2d01dbddfe2,140.30529429497355,12041.172287848338,43.60617287557272,92.345024,23.811071,8.765032,325.28998,-8.5563135,11.083629,0.7514282,17.60126,19.705973,0.75811857
5f65d177bca6d1df9abae80d4e0dc8f0,303.7967308941077,36291.75451812925,67.33022475624796,57.194504,35.519848,10.846633,386.1892,-20.184147,17.021297,-6.0942397,35.80321,19.734833,0.7603639
1f8218af26fdd6ad1687af7afe661cec,556.2406399404726,38566.1270776988,54.1576314862203,33.78041,17.175797,44.207882,2179.5427,-29.882517,18.13775,-8.025696,51.12395,21.14819,0.8731589
82ae4b84a1cf924db14167f1a8d40478,466.2275712884529,116412.0491410236,83.11771839391099,39.833405,16.130112,17.40463,532.6158,-17.872044,12.208681,-4.0031533,27.561592,21.815351,0.9291907
9062e7b9d53cc2dd561fca224b328740,214.5743808268957,39597.571560424854,56.83431632363742,57.913837,26.752344,38.555992,7904.0747,-13.202844,11.43385,-1.2860789,20.983023,21.574606,0.90882576
62d670e9eb9a0b0a00af7790b0ff2c4e,149.3771581112211,22911.477074040675,44.66821690641945,68.47885,23.640003,19.624968,1517.993,-10.659699,10.566047,-0.6696961,17.295372,21.971931,0.94260985
40d08d335117c6fa77c6443dea7cd202,148.78925014790028,19789.326629339674,38.45954580147826,67.132935,25.430983,13.172825,289.2963,-10.724033,10.215963,-0.7096776,16.869968,21.833447,0.93075675
4c257ad0279b151bf04df2c7db0d3a81,151.5715864924869,18035.216764809276,32.7981353621666,53.006485,26.211672,28.743029,3150.9517,-16.617971,13.471369,-1.4304123,27.67684,19.528625,0.74457
2ef27ca91f92e1f9c760d107e36dec96,137.01617919817463,13535.096067971333,36.357512633258615,76.97386,25.597244,22.127104,2946.515,-10.180195,11.328376,-0.30235884,18.436317,19.57541,0.74814165
a18a280ceb06f1b863c57f2afcbe0e6e,175.87570359082912,26873.77179462058,66.58906456400827,79.02258,24.540054,6.556507,143.95416,-9.62125,10.741307,-0.18455955,17.176247,19.843342,0.7687298
0402bcb89a31d79a944645bc419ed583,146.27642425880865,14198.570191739425,42.779649385761985,80.7334,26.703718,36.853657,9745.7295,-9.865754,11.359666,0.17928189,18.716816,20.020952,0.7826045
72ecec878e3e3de20e07d6e6cb1c5b39,112.87709501153576,7981.5279159840975,24.66382055751491,85.63052,22.964716,15.150692,1145.2719,-9.343769,10.865667,1.077621,17.21216,19.875858,0.77125657
b3b656fa71add9bcd0a2929684e86e7f,147.5625933598784,11010.34788504899,29.17311453067398,102.29908,27.04652,20.808754,2989.644,-7.9693885,10.839638,1.0806268,16.25127,19.36358,0.732044
682514d763dabbc2965f718ccbbe9a33,131.13092915774533,16215.771360403143,42.53504080465988,107.48666,27.700968,14.498322,722.97815,-5.989456,9.7480545,2.1660867,14.60324,19.287447,0.7262966
eac86fb2b82a0975b737b3725a6634f8,99.90560175106334,6855.240557231077,17.635998339611827,91.45768,19.731905,11.631343,419.37247,-6.2680345,9.20321,1.970905,13.645775,21.669086,0.91679955
