song_id,language,song_title,original_filename,clips,split,singer_name,singer_gender,source_type,source_platform,source_url,access_date,licence,notes
1,bengali,Tomar Hridmajhare Rakhbo,001_Tomar Hridmajhare Rakhbo.mp3.mp3,37,train,,,,,,,,
2,bengali,Bosonto Batase,002_Bosonto Batase.mp3.mp3,33,test,,,,,,,,
3,bengali,Kolonkini Radha,003_Kolonkini Radha.mp3.mp3,49,train,,,,,,,,
4,bengali,Kichudin Mone Mone,004_Kichudin Mone Mone.mp3.mp3,34,train,,,,,,,,
5,bengali,Prem Sukho Nidhi Radhe,005_Prem Sukho Nidhi Radhe.mp3.mp3,34,train,,,,,,,,
6,bengali,Bare Bare Ke Jeno Dake,006_Bare Bare Ke Jeno Dake.mp3.mp3,19,train,,,,,,,,
7,bengali,Doyal Tomaro Lagiya,007_Doyal Tomaro Lagiya.mp3.mp3,24,train,,,,,,,,
8,bengali,Bhromor,008_Bhromor.mp3.mp3,36,train,,,,,,,,
9,bengali,Bareer Kachhe Arshinogor,009_Bareer Kachhe Arshinogor.mp3.mp3,39,test,,,,,,,,
10,bengali,Moner Manush,010_Moner Manush.mp3.mp3,51,test,,,,,,,,
11,bengali,Jao Pakhi Bolo Tare,011_Jao Pakhi Bolo Tare.mp3.mp3,26,train,,,,,,,,
12,bengali,Khachar Bhitor Achin Pakhi,012_Khachar Bhitor Achin Pakhi.mp3.mp3,46,test,,,,,,,,
13,bengali,Age Ki Sundor Din Kataitam,013_Age Ki Sundor Din Kataitam.mp3.mp3,26,train,,,,,,,,
14,bengali,Pal Tule De,014_Pal Tule De.mp3.mp3,41,train,,,,,,,,
15,bengali,Bala Nacho To Dekhi,015_Bala Nacho To Dekhi.mp3.mp3,23,test,,,,,,,,
16,bengali,Pindare Polasher Bon,016_Pindare Polasher Bon.mp3.mp3,16,train,,,,,,,,
17,bengali,Sadher Lau Banaila More Bairagi,017_Sadher Lau Banaila More Bairagi.mp3.mp3,19,train,,,,,,,,
18,bengali,Sohag Chand Badani Dhani,018_Sohag Chand Badani Dhani.mp3.mp3,16,test,,,,,,,,
19,bengali,Ami Eto Je Tomay Bhalobesechhi,019_Ami Eto Je Tomay Bhalobesechhi.mp3.mp3,241,train,,,,,,,,
20,bengali,Bone Noy Mone Mor,020_Bone Noy Mone Mor.mp3.mp3,19,test,,,,,,,,
21,bengali,Tabo Achintya Rupa - Charita - Mahima,023_Tabo Achintya Rupa - Charita - Mahima.mp3.mp3,23,train,,,,,,,,
22,bengali,Kotha He,024_Kotha He.mp3.mp3,38,test,,,,,,,,
23,bengali,Aj Noy Kaal Noy Roj Protidin,025_Aj Noy Kaal Noy Roj Protidin.mp3.mp3,35,test,,,,,,,,
24,bengali,Keno Phote Keno Kusum Jhare Jaay,027_Keno Phote Keno Kusum Jhare Jaay.mp3.mp3,20,train,,,,,,,,
25,bengali,Mayur Ponkhi Louka,028_Mayur Ponkhi Louka.mp3.mp3,26,train,,,,,,,,
26,bengali,Arunkanti Ke Go Jogi,030_Arunkanti Ke Go Jogi.mp3.mp3,18,test,,,,,,,,
27,bengali,Bagichay Bulbuli Tui,031_Bagichay Bulbuli Tui.mp3.mp3,19,train,,,,,,,,
28,bengali,Akashta Kanpchhilo Kyan,032_Akashta Kanpchhilo Kyan.mp3.mp3,30,train,,,,,,,,
29,bengali,Jani Amar Sadhana Nai,035_Jani Amar Sadhana Nai.mp3.mp3,17,train,,,,,,,,
30,bengali,Kul Kolonko,037_Kul Kolonko.mp3.mp3,45,train,,,,,,,,
31,bengali,Bou Katha Kao,038_Bou Katha Kao.mp3.mp3,20,test,,,,,,,,
32,bengali,Andhakare Ese Tumi,039_Andhakare Ese Tumi.mp3.mp3,16,train,,,,,,,,
33,bengali,Keno Tomra Amai Dako,040_Keno Tomra Amai Dako.mp3.mp3,19,train,,,,,,,,
34,bengali,Tor Bhubane Jwale Eto Alo,041_Tor Bhubane Jwale Eto Alo.mp3.mp3,22,test,,,,,,,,
35,bengali,Amar Bhetor Ami Ke,042_Amar Bhetor Ami Ke.mp3.mp3,53,train,,,,,,,,
36,bengali,Ma Habi Na Meye Habi,043_Ma Habi Na Meye Habi.mp3.mp3,241,train,,,,,,,,
37,bengali,Nachiye Nachiye,044_Nachiye Nachiye.mp3.mp3,94,train,,,,,,,,
38,bengali,Hori Naamer Tori,045_Hori Naamer Tori.mp3.mp3,33,train,,,,,,,,
39,bengali,Deeno Tarini,046_Deeno Tarini.mp3.mp3,48,train,,,,,,,,
40,bengali,Ami Jhanjhar Mato Durbar,047_Ami Jhanjhar Mato Durbar.mp3.mp3,17,test,,,,,,,,
41,bengali,E Ki Labanye Purna Pran,048_E Ki Labanye Purna Pran.mp3.mp3,19,train,,,,,,,,
42,bengali,Akoruno Shathire,051_Akoruno Shathire.mp3.mp3,81,train,,,,,,,,
43,bengali,Moder Ei Shikal Pora Chhal,053_Moder Ei Shikal Pora Chhal.mp3.mp3,30,train,,,,,,,,
44,bengali,Bhoriya Paran Shunitechhi Gaan,054_Bhoriya Paran Shunitechhi Gaan.mp3.mp3,19,test,,,,,,,,
45,bengali,Nishi Raat,055_Nishi Raat.mp3.mp3,21,train,,,,,,,,
46,bengali,Kusume Kusume Charonchinha,056_Kusume Kusume Charonchinha.mp3.mp3,25,test,,,,,,,,
47,bengali,Ache Syam Ange Rai Ango Helia,058_Ache Syam Ange Rai Ango Helia.mp3.mp3,33,train,,,,,,,,
48,bengali,Kala,059_Kala.mp3.mp3,73,test,,,,,,,,
49,bengali,Apon Moner Baghe,060_Apon Moner Baghe.mp3.mp3,45,train,,,,,,,,
50,bengali,Se Chokh Kothai Tomar,061_Se Chokh Kothai Tomar.mp3.mp3,17,train,,,,,,,,
51,bengali,Ami Je Kato Ekela,062_Ami Je Kato Ekela.mp3.mp3,19,train,,,,,,,,
52,bengali,Say Hari Mynah Bird,064_Say Hari Mynah Bird.mp3.mp3,58,train,,,,,,,,
53,bengali,Jonomo Morono Hobe Nibarono,067_Jonomo Morono Hobe Nibarono.mp3.mp3,153,train,,,,,,,,
54,bengali,Ami Tomar Lageya Re,068_Ami Tomar Lageya Re.mp3.mp3,72,train,,,,,,,,
55,bengali,Aaji Milan Basar Priya,069_Aaji Milan Basar Priya.mp3.mp3,47,train,,,,,,,,
56,bengali,O Amar Chandramallika,072_O Amar Chandramallika.mp3.mp3,20,test,,,,,,,,
57,bengali,Purbo Digontey,074_Purbo Digontey.mp3.mp3,13,train,,,,,,,,
58,bengali,Milon Hobe Koto Dine,075_Milon Hobe Koto Dine.mp3.mp3,17,test,,,,,,,,
59,bengali,Loke Bale Bale Re,076_Loke Bale Bale Re.mp3.mp3,245,test,,,,,,,,
60,bengali,Menoka Mathaye Dilo,077_Menoka Mathaye Dilo.mp3.mp3,39,train,,,,,,,,
61,bengali,Kalo Jole Kuchla Tole,079_Kalo Jole Kuchla Tole.mp3.mp3,2,train,,,,,,,,
62,bengali,Lal Paharir Deshe Ja,080_Lal Paharir Deshe Ja.mp3.mp3,30,train,,,,,,,,
63,bengali,Phagooner Mohonaye,081_Phagooner Mohonaye.mp3.mp3,22,train,,,,,,,,
64,bengali,Sheeter Hawaay,084_Sheeter Hawaay.mp3.mp3,43,train,,,,,,,,
65,hindi,Raga Yaman,Raga Yaman.mp3,41,train,,,,,,,,
66,hindi,Raga Bhairav,Raga Bhairav.mp3,327,test,,,,,,,,
67,hindi,Raga Malkauns,Raga Malkauns.mp3,127,train,,,,,,,,
68,hindi,Raga Darbari Kanada,Raga Darbari Kanada.mp3,289,train,,,,,,,,
69,hindi,Thumri - Kaahe Chhed Mohe,Thumri - Kaahe Chhed Mohe.mp3,31,train,,,,,,,,
70,hindi,Babul Mora Naihar Chhooto Jaye,Babul Mora Naihar Chhooto Jaye.mp3,57,train,,,,,,,,
71,hindi,Raag Bhimpalasi,Raag Bhimpalasi.mp3,315,train,,,,,,,,
72,hindi,Raga Bageshri,Raga Bageshri.mp3,269,train,,,,,,,,
73,hindi,Ab Ke Sajan Sawan Mein,Ab Ke Sajan Sawan Mein.mp3,27,test,,,,,,,,
74,hindi,Saajan Bin,Saajan Bin.mp3,19,test,,,,,,,,
75,hindi,Piya Bin Nahi Aavat,Piya Bin Nahi Aavat.mp3,53,train,,,,,,,,
76,hindi,Raga Yaman Alap,Raga Yaman Alap.mp3,41,test,,,,,,,,
77,hindi,Raga Bhairav Alap,Raga Bhairav Alap.mp3,341,test,,,,,,,,
78,hindi,Raga Desh,Raga Desh.mp3,135,test,,,,,,,,
79,hindi,Raga Marwa,Raga Marwa.mp3,273,train,,,,,,,,
80,hindi,Thumri - Chaiti,Thumri - Chaiti.mp3,26,test,,,,,,,,
81,hindi,Raga Kafi,Raga Kafi.mp3,147,train,,,,,,,,
82,hindi,Raag Durga,Raag Durga.mp3,20,train,,,,,,,,
83,hindi,Raga Deshkar,Raga Deshkar.mp3,68,train,,,,,,,,
84,hindi,Raga Bhimpalasi Alap,Raga Bhimpalasi Alap.mp3,376,train,,,,,,,,
85,hindi,Thumri - Madhuban Mein Radhika,Thumri - Madhuban Mein Radhika.mp3,33,train,,,,,,,,
86,hindi,Dadra Geet,Dadra Geet.mp3,42,test,,,,,,,,
87,hindi,Saawan Ke Geet Ritu Ke Geet,Saawan Ke Geet Ritu Ke Geet.mp3,117,train,,,,,,,,
88,hindi,Kabhi Ram Banke Kabhi Shyam Banke,Kabhi Ram Banke Kabhi Shyam Banke.mp3,49,train,,,,,,,,
89,hindi,Jai Jai Shiv Shankar,Jai Jai Shiv Shankar.mp3,51,train,,,,,,,,
90,hindi,Raga Durga Alap,Raga Durga Alap.mp3,19,train,,,,,,,,
91,hindi,Ghar Aaja Ghir Aaja,Ghar Aaja Ghir Aaja.mp3,37,train,,,,,,,,
92,hindi,Sajan Bin Nahi Aavat Chain,Sajan Bin Nahi Aavat Chain.mp3,7,train,,,,,,,,
93,hindi,Kajari - Sawan Aayo Re,Kajari - Sawan Aayo Re.mp3,545,test,,,,,,,,
94,hindi,Chaiti Geet,Chaiti Geet.mp3,22,train,,,,,,,,
95,hindi,Holi Ke Geet,Holi Ke Geet.mp3,33,test,,,,,,,,
96,hindi,Rajasthani Folk Song,Rajasthani Folk Song.mp3,20,train,,,,,,,,
97,hindi,Bihari Folk Geet,Bihari Folk Geet.mp3,33,test,,,,,,,,
98,hindi,Awadhi Geet,Awadhi Geet.mp3,22,test,,,,,,,,
99,hindi,Braj Bhasha Geet,Braj Bhasha Geet.mp3,39,test,,,,,,,,
100,hindi,Haryanvi Geet,Haryanvi Geet.mp3,18,test,,,,,,,,
101,hindi,Kajri,Kajri.mp3,308,train,,,,,,,,
102,hindi,Bhajan Folk Song,Bhajan Folk Song.mp3,31,train,,,,,,,,
103,hindi,Rajasthani Maand,Rajasthani Maand.mp3,2,train,,,,,,,,
104,hindi,Bundeli Folk Song,Bundeli Folk Song.mp3,83,test,,,,,,,,
105,hindi,Purabi Geet,Purabi Geet.mp3,121,train,,,,,,,,
106,hindi,Chhattisgarhi Song,Chhattisgarhi Song.mp3,79,train,,,,,,,,
107,hindi,Punjabi Folk,Punjabi Folk.mp3,32,test,,,,,,,,
108,hindi,Garhwali Geet,Garhwali Geet.mp3,2,train,,,,,,,,
109,hindi,Kumaoni Folk Song,Kumaoni Folk Song.mp3,4,train,,,,,,,,
110,hindi,Uttar Pradesh Folk,Uttar Pradesh Folk.mp3,35,train,,,,,,,,
111,hindi,Rajasthan Folk Ballad,Rajasthan Folk Ballad.mp3,6,train,,,,,,,,
112,hindi,Folk Song from Bihar,Folk Song from Bihar.mp3,59,test,,,,,,,,
113,hindi,Himachali Folk Song,Himachali Folk Song.mp3,85,train,,,,,,,,
114,hindi,Marathi Folk Song,Marathi Folk Song.mp3,24,train,,,,,,,,
115,hindi,Bhojpuri Folk Song,Bhojpuri Folk Song.mp3,24,test,,,,,,,,
116,hindi,Garhwali Bhajan Folk,Garhwali Bhajan Folk.mp3,26,train,,,,,,,,
117,hindi,Haryanvi Dance Folk,Haryanvi Dance Folk.mp3,28,train,,,,,,,,
118,hindi,Awadhi Traditional Song,Awadhi Traditional Song.mp3,26,train,,,,,,,,
119,hindi,Maithili Folk Song,Maithili Folk Song.mp3,42,train,,,,,,,,
120,hindi,Kashmiri Folk Song,Kashmiri Folk Song.mp3,57,train,,,,,,,,
121,hindi,Gujrati Folk Song,Gujrati Folk Song.mp3,25,train,,,,,,,,
122,hindi,Punjab Folk Song,Punjab Folk Song.mp3,25,train,,,,,,,,
123,hindi,Lag Ja Gale,Lag Ja Gale.mp3,20,test,,,,,,,,
124,hindi,Tere Bina Zindagi Se,Tere Bina Zindagi Se.mp3,68,train,,,,,,,,
125,hindi,Ae Mere Watan Ke Logo,Ae Mere Watan Ke Logo.mp3,35,train,,,,,,,,
126,hindi,Roop Tera Mastana,Roop Tera Mastana.mp3,662,train,,,,,,,,
127,hindi,Zindagi Ek Safar,Zindagi Ek Safar.mp3,25,train,,,,,,,,
128,hindi,Chaudhvin Ka Chand,Chaudhvin Ka Chand.mp3,27,train,,,,,,,,
129,hindi,Madhuban Mein Radhika,Madhuban Mein Radhika.mp3,31,train,,,,,,,,
130,hindi,Albela Sajan,Albela Sajan.mp3,28,train,,,,,,,,
131,hindi,Tum Jo Mil Gaye Ho,Tum Jo Mil Gaye Ho.mp3,24,test,,,,,,,,
132,hindi,Piya Tose Naina Laage Re,Piya Tose Naina Laage Re.mp3,42,test,,,,,,,,
133,hindi,Chura Liya Hai Tumne,Chura Liya Hai Tumne.mp3,30,train,,,,,,,,
134,hindi,Dil Deke Dekho,Dil Deke Dekho.mp3,27,train,,,,,,,,
135,hindi,Kya Hua Tera Vaada,Kya Hua Tera Vaada.mp3,47,test,,,,,,,,
136,hindi,Tujhe Dekha To,Tujhe Dekha To.mp3,25,train,,,,,,,,
137,hindi,Ek Ladki Ko Dekha,Ek Ladki Ko Dekha.mp3,36,train,,,,,,,,
138,hindi,Humko Humise Chura Lo,Humko Humise Chura Lo.mp3,36,train,,,,,,,,
139,hindi,Bahon Mein Chale Aao,Bahon Mein Chale Aao.mp3,34,train,,,,,,,,
140,hindi,Pehla Nasha,Pehla Nasha.mp3,34,train,,,,,,,,
141,hindi,Main Agar Kahoon,Main Agar Kahoon.mp3,28,test,,,,,,,,
142,hindi,Suraj Hua Maddham,Suraj Hua Maddham.mp3,29,test,,,,,,,,
143,hindi,Tera Ban Jaunga,Tera Ban Jaunga.mp3,28,train,,,,,,,,
144,hindi,Chalte Chalte,Chalte Chalte.mp3,26,train,,,,,,,,
145,hindi,Kabhi Kabhi Mere Dil Mein,Kabhi Kabhi Mere Dil Mein.mp3,28,test,,,,,,,,
146,hindi,Agar Tum Saath Ho,Agar Tum Saath Ho.mp3,28,train,,,,,,,,
147,hindi,Dil To Pagal Hai,Dil To Pagal Hai.mp3,24,train,,,,,,,,
148,hindi,Tujh Mein Rab Dikhta Hai,Tujh Mein Rab Dikhta Hai.mp3,19,train,,,,,,,,
149,odia,Rangabati _ Original Sambalpuri Folk Song,Rangabati _ Original Sambalpuri Folk Song.mp3,33,train,,,,,,,,
150,odia,Rangabati _ Original Songs & Singer Jitendra Haripal,Rangabati _ Original Songs & Singer Jitendra Haripal.mp3,352,test,,,,,,,,
151,odia,Rangabati _ Original song With Lyrics,Rangabati _ Original song With Lyrics.mp3,33,train,,,,,,,,
152,odia,Dalkhai Re _ Sambalpuri Folk Dance Video,Dalkhai Re _ Sambalpuri Folk Dance Video.mp3,41,train,,,,,,,,
153,odia,Dalkhai Re _ New Version _ Lopamudra,Dalkhai Re _ New Version _ Lopamudra.mp3,29,train,,,,,,,,
154,odia,Dalkhai Re _ Provided to YouTube (Audio),Dalkhai Re _ Provided to YouTube (Audio).mp3,28,train,,,,,,,,
155,odia,Dalkhai _ Sambalpuri Folk Song 2020,Dalkhai _ Sambalpuri Folk Song 2020.mp3,34,test,,,,,,,,
156,odia,Dalkhai Re _ Sujata _ Sika Music,Dalkhai Re _ Sujata _ Sika Music.mp3,39,test,,,,,,,,
157,odia,Din Gani Gani _ Odia Folk Song,Din Gani Gani _ Odia Folk Song.mp3,16,train,,,,,,,,
158,odia,Rangabati (Live) _ Tapu Mishra & Jitendriya Haripal,Rangabati (Live) _ Tapu Mishra & Jitendriya Haripal.mp3,38,train,,,,,,,,
159,odia,Alo Bau Lo Bau _ Folk _ Sudha Mishra,Alo Bau Lo Bau _ Folk _ Sudha Mishra.mp3,207,train,,,,,,,,
160,odia,Asharah Masara Jata _ Folk _ Sudha Mishra,Asharah Masara Jata _ Folk _ Sudha Mishra.mp3,207,train,,,,,,,,
161,odia,Rangabati E Rangabati (Full Song) _ Jukebox Cut,Rangabati E Rangabati (Full Song) _ Jukebox Cut.mp3,34,test,,,,,,,,
162,odia,Mo Maina _ Folk Songs of Oriya _ Sudha Mishra,Mo Maina _ Folk Songs of Oriya _ Sudha Mishra.mp3,207,train,,,,,,,,
163,odia,Pakshi Rajo Charhike _ Folk _ Sudha Mishra,Pakshi Rajo Charhike _ Folk _ Sudha Mishra.mp3,207,train,,,,,,,,
164,punjabi,Tutak Tutak Tutian,Tutak Tutak Tutian.mp3,28,train,,,,,,,,
165,punjabi,Tutak Tutak Tutian.temp,Tutak Tutak Tutian.temp.mp3,25,train,,,,,,,,
166,punjabi,Lathe Di Chadar,Lathe Di Chadar.mp3,18,train,,,,,,,,
167,punjabi,Gora Gora Rang,Gora Gora Rang.mp3,20,test,,,,,,,,
168,punjabi,Ki Banu Dunian Da,Ki Banu Dunian Da.mp3,42,train,,,,,,,,
169,punjabi,Mirza Sahiba,Mirza Sahiba.mp3,20,train,,,,,,,,
170,punjabi,Suhe Ve Cheere Waliya,Suhe Ve Cheere Waliya.mp3,17,train,,,,,,,,
171,punjabi,Mera Long Gawacha,Mera Long Gawacha.mp3,19,train,,,,,,,,
172,punjabi,Kala Doriya,Kala Doriya.mp3,18,train,,,,,,,,
173,punjabi,Madhaniya,Madhaniya.mp3,14,train,,,,,,,,
174,punjabi,Chitta Kukkad,Chitta Kukkad.mp3,19,test,,,,,,,,
175,punjabi,Jutti Kasuri,Jutti Kasuri.mp3,18,test,,,,,,,,
176,punjabi,Sada Chiriyan Da Chamba Ve,Sada Chiriyan Da Chamba Ve.mp3,24,train,,,,,,,,
177,punjabi,Heer,Heer.mp3,37,train,,,,,,,,
178,punjabi,Mahiya,Mahiya.mp3,99,train,,,,,,,,
179,punjabi,Jindua,Jindua.mp3,80,train,,,,,,,,
180,punjabi,Kothe Te Aa Mahiya,Kothe Te Aa Mahiya.mp3,30,train,,,,,,,,
181,punjabi,Challa,Challa.mp3,28,train,,,,,,,,
182,punjabi,Akh Kashni,Akh Kashni.mp3,20,test,,,,,,,,
183,punjabi,Kala Shah Kala,Kala Shah Kala.mp3,25,train,,,,,,,,
184,punjabi,Aaya Lariye Ni,Aaya Lariye Ni.mp3,21,test,,,,,,,,
185,punjabi,Boliyan,Boliyan.mp3,27,train,,,,,,,,
186,punjabi,Tappe,Tappe.mp3,202,test,,,,,,,,
187,punjabi,Suhag,Suhag.mp3,15,train,,,,,,,,
188,punjabi,Ghori,Ghori.mp3,26,test,,,,,,,,
189,punjabi,Dama Dam Mast Kalandar,Dama Dam Mast Kalandar.mp3,46,test,,,,,,,,
190,punjabi,Tere Tille Ton,Tere Tille Ton.mp3,24,train,,,,,,,,
191,punjabi,Charkha,Charkha.mp3,361,train,,,,,,,,
192,punjabi,Kandayali Thor,Kandayali Thor.mp3,222,train,,,,,,,,
193,punjabi,Sarke Sarke Jandiye Mutiare Ni,Sarke Sarke Jandiye Mutiare Ni.mp3,31,test,,,,,,,,
194,punjabi,Ik Meri Akh Kashni,Ik Meri Akh Kashni.mp3,13,test,,,,,,,,
195,punjabi,Mohabbatan De Dhol,Mohabbatan De Dhol.mp3,45,train,,,,,,,,
196,punjabi,Proper Patola,Proper Patola.mp3,15,train,,,,,,,,
197,punjabi,High Heels,High Heels.mp3,21,train,,,,,,,,
198,punjabi,Saturday Saturday,Saturday Saturday.mp3,21,train,,,,,,,,
199,punjabi,3 Peg,3 Peg.mp3,26,train,,,,,,,,
200,punjabi,Laembadgini,Laembadgini.mp3,18,test,,,,,,,,
201,punjabi,Naah,Naah.mp3,20,test,,,,,,,,
202,punjabi,Soch,Soch.mp3,29,train,,,,,,,,
203,punjabi,Backbone,Backbone.mp3,20,test,,,,,,,,
204,punjabi,Hornn Blow,Hornn Blow.mp3,16,train,,,,,,,,
205,punjabi,Taara,Taara.mp3,27,train,,,,,,,,
206,punjabi,Haath Chumme,Haath Chumme.mp3,26,train,,,,,,,,
207,punjabi,Zindabaad Yaarian,Zindabaad Yaarian.mp3,23,train,,,,,,,,
208,punjabi,Gallan Mithiyan,Gallan Mithiyan.mp3,21,test,,,,,,,,
209,punjabi,Gangland,Gangland.mp3,16,train,,,,,,,,
210,punjabi,Daang,Daang.mp3,22,train,,,,,,,,
211,punjabi,Sakhiyaan,Sakhiyaan.mp3,38,train,,,,,,,,
212,punjabi,Sorry,Sorry.mp3,20,train,,,,,,,,
213,punjabi,Laare,Laare.mp3,28,test,,,,,,,,
214,punjabi,Prada,Prada.mp3,17,train,,,,,,,,
215,punjabi,Lehanga,Lehanga.mp3,21,train,,,,,,,,
216,punjabi,Viah,Viah.mp3,17,train,,,,,,,,
217,punjabi,Suit Punjabi,Suit Punjabi.mp3,20,train,,,,,,,,
218,punjabi,Coka,Coka.mp3,18,train,,,,,,,,
219,punjabi,Jaguar,Jaguar.mp3,16,train,,,,,,,,
220,punjabi,All Black,All Black.mp3,21,train,,,,,,,,
221,punjabi,Sniper,Sniper.mp3,19,test,,,,,,,,
223,punjabi,Gunday Ik Vaar Fer,Gunday Ik Vaar Fer.mp3,22,test,,,,,,,,
224,punjabi,Photo,Photo.mp3,23,train,,,,,,,,
225,punjabi,Affair,Affair.mp3,18,train,,,,,,,,
226,punjabi,Diamond,Diamond.mp3,24,train,,,,,,,,
227,punjabi,Pagal,Pagal.mp3,4,train,,,,,,,,
228,punjabi,Gora Rang,Gora Rang.mp3,18,test,,,,,,,,
229,punjabi,Palazzo,Palazzo.mp3,23,test,,,,,,,,
230,punjabi,Light Weight,Light Weight.mp3,2,test,,,,,,,,
231,punjabi,Time Table,Time Table.mp3,24,test,,,,,,,,
232,punjabi,DJ Wajda,DJ Wajda.mp3,3,train,,,,,,,,
233,punjabi,Issa Jatt,Issa Jatt.mp3,21,train,,,,,,,,
234,punjabi,So High,So High.mp3,21,train,,,,,,,,
235,tamil,Hello Brother,004_Hello Brother.mp3.mp3,22,test,,,,,,,,
236,tamil,Oodhaa Kalaru,007_Oodhaa Kalaru.mp3.mp3,27,test,,,,,,,,
237,tamil,Vaanganna Vanakkanganna,008_Vaanganna Vanakkanganna.mp3.mp3,27,train,,,,,,,,
238,tamil,Sonapareeya,009_Sonapareeya.mp3.mp3,24,train,,,,,,,,
239,tamil,Local Boys,011_Local Boys.mp3.mp3,27,train,,,,,,,,
240,tamil,Chillax,012_Chillax.mp3.mp3,26,test,,,,,,,,
241,tamil,Otha Sollaala,013_Otha Sollaala.mp3.mp3,23,train,,,,,,,,
242,tamil,Kadhal Vandhale,014_Kadhal Vandhale.mp3.mp3,26,train,,,,,,,,
243,tamil,Yethi Yethi,017_Yethi Yethi.mp3.mp3,29,train,,,,,,,,
244,tamil,Machi Open the Bottle,018_Machi Open the Bottle.mp3.mp3,28,train,,,,,,,,
245,telugu,Lachimi Na Chinni Lachimi,001_Lachimi Na Chinni Lachimi.mp3.mp3,27,train,,,,,,,,
246,telugu,Nee Valla O Pilla,002_Nee Valla O Pilla.mp3.mp3,4,train,,,,,,,,
247,telugu,Bavalla Na Bavalla,004_Bavalla Na Bavalla.mp3.mp3,22,test,,,,,,,,
248,telugu,Allahe Allaha,009_Allahe Allaha.mp3.mp3,26,train,,,,,,,,
249,telugu,Nindu Punammi Vela,010_Nindu Punammi Vela.mp3.mp3,9,train,,,,,,,,
250,telugu,Vintunna O Pilla,011_Vintunna O Pilla.mp3.mp3,26,train,,,,,,,,
251,telugu,Sinna Sinnaga,012_Sinna Sinnaga.mp3.mp3,24,train,,,,,,,,
252,telugu,Rave Bangaru Bomma,016_Rave Bangaru Bomma.mp3.mp3,22,test,,,,,,,,
253,telugu,Sudaradhe Prameela,018_Sudaradhe Prameela.mp3.mp3,26,test,,,,,,,,
254,telugu,Pushpa,020_Pushpa.mp3.mp3,16,train,,,,,,,,
255,telugu,SENIGA CHENLA NILABADI CHETHULIYAVE,022_SENIGA CHENLA NILABADI CHETHULIYAVE.mp3.mp3,25,test,,,,,,,,
256,telugu,UDUKUDUKU ROTTELU,023_UDUKUDUKU ROTTELU.mp3.mp3,18,test,,,,,,,,
257,telugu,Andala Aparanji,024_Andala Aparanji.mp3.mp3,24,train,,,,,,,,
258,telugu,Ma Gallilo Okkadu Poradu,025_Ma Gallilo Okkadu Poradu.mp3.mp3,24,train,,,,,,,,
259,telugu,Nagamani,028_Nagamani.mp3.mp3,36,test,,,,,,,,
260,telugu,Kammari Thirupathi,030_Kammari Thirupathi.mp3.mp3,26,train,,,,,,,,
261,telugu,Paligiri Rajendar,034_Paligiri Rajendar.mp3.mp3,257,test,,,,,,,,
262,telugu,Jadala Ramesh,035_Jadala Ramesh.mp3.mp3,513,test,,,,,,,,
263,telugu,Sandhya Koyyada,039_Sandhya Koyyada.mp3.mp3,29,train,,,,,,,,
264,telugu,Mounika Reddy,040_Mounika Reddy.mp3.mp3,31,train,,,,,,,,
265,telugu,Vandemataram Srinivas,042_Vandemataram Srinivas.mp3.mp3,30,train,,,,,,,,
266,telugu,Devayya,044_Devayya.mp3.mp3,612,test,,,,,,,,
267,telugu,Ashwini Rathod,046_Ashwini Rathod.mp3.mp3,22,train,,,,,,,,
268,telugu,Ranu Bombai Ki Ranu,047_Ranu Bombai Ki Ranu.mp3.mp3,27,train,,,,,,,,
269,telugu,Sommasilli Pothunnave O Chinna Ramulamma,048_Sommasilli Pothunnave O Chinna Ramulamma.mp3.mp3,73,test,,,,,,,,
270,telugu,Ringu Ringula Juttudhana,049_Ringu Ringula Juttudhana.mp3.mp3,29,train,,,,,,,,
271,telugu,Yedikelli Vachinaave,050_Yedikelli Vachinaave.mp3.mp3,27,train,,,,,,,,
272,telugu,Are Emainde Pilla,051_Are Emainde Pilla.mp3.mp3,19,train,,,,,,,,
273,telugu,Atha Oyatha,052_Atha Oyatha.mp3.mp3,31,train,,,,,,,,
274,telugu,Mogudu Pellala,053_Mogudu Pellala.mp3.mp3,70,train,,,,,,,,
275,telugu,Kuliki Vastava Raghu Mallelo Rama,054_Kuliki Vastava Raghu Mallelo Rama.mp3.mp3,37,test,,,,,,,,
276,telugu,SIRIPURAM ANGATLA,055_SIRIPURAM ANGATLA.mp3.mp3,3,test,,,,,,,,
277,telugu,Sharanu Sharanu Maayamma,056_Sharanu Sharanu Maayamma.mp3.mp3,33,train,,,,,,,,
278,telugu,Ammamma Yedabothe,057_Ammamma Yedabothe.mp3.mp3,25,train,,,,,,,,
279,telugu,Swamulara Babu,059_Swamulara Babu.mp3.mp3,23,train,,,,,,,,
280,telugu,Appe Chestavo,060_Appe Chestavo.mp3.mp3,27,train,,,,,,,,
281,telugu,Pachhani Mana Pally,061_Pachhani Mana Pally.mp3.mp3,18,train,,,,,,,,
282,telugu,Ayyori Mogada,062_Ayyori Mogada.mp3.mp3,22,train,,,,,,,,
283,telugu,Yemi Rajakiyalo,063_Yemi Rajakiyalo.mp3.mp3,41,train,,,,,,,,
284,telugu,Bonala Patalu,066_Bonala Patalu.mp3.mp3,23,test,,,,,,,,
285,telugu,Palle Kanneru Peduthundo,069_Palle Kanneru Peduthundo.mp3.mp3,281,train,,,,,,,,
286,telugu,Orugalluna Akshara Vruksham,074_Orugalluna Akshara Vruksham.mp3.mp3,27,train,,,,,,,,
287,telugu,Melukonna Telangana Chudara,075_Melukonna Telangana Chudara.mp3.mp3,281,train,,,,,,,,
288,telugu,Ma Palle Andalu,076_Ma Palle Andalu.mp3.mp3,426,test,,,,,,,,
289,telugu,Garibolla Kanneeti Gaadhalu,077_Garibolla Kanneeti Gaadhalu.mp3.mp3,265,test,,,,,,,,
290,telugu,Rasamayi Daruvu,079_Rasamayi Daruvu.mp3.mp3,102,train,,,,,,,,
291,telugu,AYYO RAMA RAMA BAALI,080_AYYO RAMA RAMA BAALI.mp3.mp3,5,train,,,,,,,,
292,telugu,Sarangadhara Jamukula Katha,081_Sarangadhara Jamukula Katha.mp3.mp3,410,train,,,,,,,,
293,telugu,Jamukula Buduku Music,082_Jamukula Buduku Music.mp3.mp3,5,train,,,,,,,,
294,telugu,Bobbiliyuddam Burrakatha,084_Bobbiliyuddam Burrakatha.mp3.mp3,310,train,,,,,,,,
