sample_id,language,label,method,target_voice,source_singer,source_singer_basis,song_title,source_id,seq_index,original_filename,drive_file_id,folder_path,notes
rvc_hindi_real_0001,hindi,bonafide,rvc,,Akhil Sachdeva & Tulsi Kumar,filename,,,,Akhil Sachdeva & Tulsi Kumar.wav,1Mkw8N2tBpeQugJzLzImcPn4KwTKu6O20,Dataset_Research_DFD/Deepfake_dataset/RVC/hindi_rvc,
rvc_hindi_fake_0001,hindi,spoof,rvc,,Akhil Sachdeva & Tulsi Kumar,filename,,,,Akhil Sachdeva & Tulsi Kumar_VOCAL_CONVERTED.wav,112iK-8X50-ZSTS2vmuFbmEt6ygBjEEon,Dataset_Research_DFD/Deepfake_dataset/RVC/hindi_rvc,
rvc_hindi_real_0002,hindi,bonafide,rvc,,Alka Yagnik & Arijit Singh,filename,,,,Alka Yagnik & Arijit Singh.wav,11I8r8lboRYh9nk-FSdIhee42LV5_sD27,Dataset_Research_DFD/Deepfake_dataset/RVC/hindi_rvc,
rvc_hindi_fake_0002,hindi,spoof,rvc,,Alka Yagnik & Arijit Singh,filename,,,,Alka Yagnik & Arijit Singh_VOCAL_CONVERTED.wav,1cWo8RC0TX-lQZaZ2_ZjAcFMtP_qe5ltJ,Dataset_Research_DFD/Deepfake_dataset/RVC/hindi_rvc,
rvc_hindi_real_0003,hindi,bonafide,rvc,,Allah Jilai Bai,filename,,,,Allah Jilai Bai.wav,1CQTL68RVZpEBmArJYt23ENicOvYcda1P,Dataset_Research_DFD/Deepfake_dataset/RVC/hindi_rvc,
rvc_hindi_fake_0003,hindi,spoof,rvc,,Allah Jilai Bai,filename,,,,Allah Jilai Bai_VOCAL_CONVERTED.wav,1moIr9Vh-HYDpAOngBKQz3MNrT54N9RhN,Dataset_Research_DFD/Deepfake_dataset/RVC/hindi_rvc,
rvc_hindi_real_0004,hindi,bonafide,rvc,,Asha Bhosle & Mohammad Rafi,filename,,,,Asha Bhosle & Mohammad Rafi.wav,1_C5I8Ftm6I010d9rAgszYFRmFfdlkQks,Dataset_Research_DFD/Deepfake_dataset/RVC/hindi_rvc,
rvc_hindi_fake_0004,hindi,spoof,rvc,,Asha Bhosle & Mohammad Rafi,filename,,,,Asha Bhosle & Mohammad Rafi_VOCAL_CONVERTED.wav,1kqduYI_GButcrVsAHM_rmO6aq4Y89SlR,Dataset_Research_DFD/Deepfake_dataset/RVC/hindi_rvc,
rvc_hindi_real_0005,hindi,bonafide,rvc,,Begum Akhtar,filename,,,,Begum Akhtar.wav,1vQJ-F567MGBBiQPQhy8EaOjwigUgcTuE,Dataset_Research_DFD/Deepfake_dataset/RVC/hindi_rvc,
rvc_hindi_fake_0005,hindi,spoof,rvc,,Begum Akhtar,filename,,,,Begum Akhtar_VOCAL_CONVERTED.wav,1Xw9_xN6tlslkOcSspGdRdDOk4-VKx3_S,Dataset_Research_DFD/Deepfake_dataset/RVC/hindi_rvc,
rvc_hindi_real_0006,hindi,bonafide,rvc,,Girija Devi,filename,,,,Girija Devi.wav,1FKqLYAz1HtHrNcIxAdzjoUJsQhjERI_y,Dataset_Research_DFD/Deepfake_dataset/RVC/hindi_rvc,
rvc_hindi_fake_0006,hindi,spoof,rvc,,Girija Devi,filename,,,,Girija Devi_VOCAL_CONVERTED.wav,1pekVvDfWzFXihOshhbh4-PUyOZV1dVGR,Dataset_Research_DFD/Deepfake_dataset/RVC/hindi_rvc,
rvc_hindi_real_0007,hindi,bonafide,rvc,,Kishore Kumar,filename,,,,Kishore Kumar.wav,1DCfx3HUe6QdCL4wCd6ExUxachNx0QhFx,Dataset_Research_DFD/Deepfake_dataset/RVC/hindi_rvc,
rvc_hindi_fake_0007,hindi,spoof,rvc,,Kishore Kumar,filename,,,,Kishore Kumar_VOCAL_CONVERTED.wav,1Pmd0qJY_3ZmA7HEKqRfSjwhyqNc_z8w9,Dataset_Research_DFD/Deepfake_dataset/RVC/hindi_rvc,
rvc_hindi_real_0008,hindi,bonafide,rvc,,Kishori Amonkar,filename,,,,Kishori Amonkar.wav,1utyyjLG7o0AGwpPhHk9ABnn27MDp9bOt,Dataset_Research_DFD/Deepfake_dataset/RVC/hindi_rvc,
rvc_hindi_fake_0008,hindi,spoof,rvc,,Kishori Amonkar,filename,,,,Kishori Amonkar_VOCAL_CONVERTED.wav,1sEP7kbXSjqeoH4WWKaMjoaWezXwdv-hk,Dataset_Research_DFD/Deepfake_dataset/RVC/hindi_rvc,
rvc_hindi_real_0009,hindi,bonafide,rvc,,Kumar Sanu & Lata Mangeshkar,filename,,,,Kumar Sanu & Lata Mangeshkar.wav,1EVc9NIJDXxqV1BtTLB0i3SrsTZ6Kd3gt,Dataset_Research_DFD/Deepfake_dataset/RVC/hindi_rvc,
rvc_hindi_fake_0009,hindi,spoof,rvc,,Kumar Sanu & Lata Mangeshkar,filename,,,,Kumar Sanu & Lata Mangeshkar_VOCAL_CONVERTED.wav,1M6LEx7phdmu9u6YEe_4Ws2r-cXvyJ0kH,Dataset_Research_DFD/Deepfake_dataset/RVC/hindi_rvc,
rvc_hindi_real_0010,hindi,bonafide,rvc,,Kumar Sanu,filename,,,,Kumar Sanu.wav,1-o23ZnCHtJwQEWweShlq29KeOd_-h5uv,Dataset_Research_DFD/Deepfake_dataset/RVC/hindi_rvc,
rvc_hindi_fake_0010,hindi,spoof,rvc,,Kumar Sanu,filename,,,,Kumar Sanu_VOCAL_CONVERTED.wav,1UTvrqy0nIm23wFw1Jv7eV3PpLsQlDOgU,Dataset_Research_DFD/Deepfake_dataset/RVC/hindi_rvc,
rvc_hindi_real_0011,hindi,bonafide,rvc,,Lata Mangeshkar & Kishore Kumar,filename,,,,Lata Mangeshkar & Kishore Kumar.wav,1oXN0EJf_eNAv9gdQufr9Ew7PIPp3P-Q9,Dataset_Research_DFD/Deepfake_dataset/RVC/hindi_rvc,
rvc_hindi_fake_0011,hindi,spoof,rvc,,Lata Mangeshkar & Kishore Kumar,filename,,,,Lata Mangeshkar & Kishore Kumar_VOCAL_CONVERTED.wav,1UasnkAMIHDVTPUYx1fQnCekxsjaYOqjJ,Dataset_Research_DFD/Deepfake_dataset/RVC/hindi_rvc,
rvc_hindi_real_0012,hindi,bonafide,rvc,,Lata Mangeshkar,filename,,,,Lata Mangeshkar.wav,1B9sl7dWMX3FMEtx-MxqXge6jDzYbv6kG,Dataset_Research_DFD/Deepfake_dataset/RVC/hindi_rvc,
rvc_hindi_fake_0012,hindi,spoof,rvc,,Lata Mangeshkar,filename,,,,Lata Mangeshkar_VOCAL_CONVERTED.wav,1QKPJzIhF1sylsyklH5EoyzqFn6G0W5fX,Dataset_Research_DFD/Deepfake_dataset/RVC/hindi_rvc,
rvc_hindi_real_0013,hindi,bonafide,rvc,,M.S. Subbulakshmi,filename,,,,M.S. Subbulakshmi.wav,1KUGrQM83E1FMrsBN9DU1YLaehe5E1y5T,Dataset_Research_DFD/Deepfake_dataset/RVC/hindi_rvc,
rvc_hindi_fake_0013,hindi,spoof,rvc,,M.S. Subbulakshmi,filename,,,,M.S_VOCAL_CONVERTED.wav,1gaH902fnOaCcmuZw6nE0qvoPpXP68uDH,Dataset_Research_DFD/Deepfake_dataset/RVC/hindi_rvc,filename truncated at '.'; pairs with 'M.S. Subbulakshmi.wav'
rvc_hindi_real_0014,hindi,bonafide,rvc,,Maithili Thakur,filename,,,,Maithili Thakur.wav,1oWMStSudt47jIhmbrl09WI74lu56QgcZ,Dataset_Research_DFD/Deepfake_dataset/RVC/hindi_rvc,
rvc_hindi_fake_0014,hindi,spoof,rvc,,Maithili Thakur,filename,,,,Maithili Thakur_VOCAL_CONVERTED.wav,1S8zMmFcChv1R8EZpEOc2kc5emydyhHyh,Dataset_Research_DFD/Deepfake_dataset/RVC/hindi_rvc,
rvc_hindi_real_0015,hindi,bonafide,rvc,,Mohammad Rafi,filename,,,,Mohammad Rafi.wav,1xdA7xLejMUuA2Vv80bXvzzvgBcaRKxVJ,Dataset_Research_DFD/Deepfake_dataset/RVC/hindi_rvc,
rvc_hindi_fake_0015,hindi,spoof,rvc,,Mohammad Rafi,filename,,,,Mohammad Rafi_VOCAL_CONVERTED.wav,13JbHnn3_lVHbjQe-lxMnhbSumf4KFPBb,Dataset_Research_DFD/Deepfake_dataset/RVC/hindi_rvc,
rvc_hindi_real_0016,hindi,bonafide,rvc,,Mukesh & Lata Mangeshkar,filename,,,,Mukesh & Lata Mangeshkar.wav,1XmtGDjag31WmjtaXa297NAdhpAQAkKrp,Dataset_Research_DFD/Deepfake_dataset/RVC/hindi_rvc,
rvc_hindi_fake_0016,hindi,spoof,rvc,,Mukesh & Lata Mangeshkar,filename,,,,Mukesh & Lata Mangeshkar_VOCAL_CONVERTED.wav,1wIoxAtjhdphSCdmVnxZe3dCAK00luUhT,Dataset_Research_DFD/Deepfake_dataset/RVC/hindi_rvc,
rvc_hindi_real_0017,hindi,bonafide,rvc,,Pandit Bhimsen Joshi,filename,,,,Pandit Bhimsen Joshi.wav,15JYZXRPsebdL65C3M58UF3i3bV-SVj0x,Dataset_Research_DFD/Deepfake_dataset/RVC/hindi_rvc,
rvc_hindi_fake_0017,hindi,spoof,rvc,,Pandit Bhimsen Joshi,filename,,,,Pandit Bhimsen Joshi_VOCAL_CONVERTED.wav,12QveXgHRgWuKShvRDiDnC5DBstsdTVRv,Dataset_Research_DFD/Deepfake_dataset/RVC/hindi_rvc,
rvc_hindi_real_0018,hindi,bonafide,rvc,,Pandit Chhannulal Mishra,filename,,,,Pandit Chhannulal Mishra.wav,1ve9q33QL8GncVAIzwQ0bHUXml2lDXcUU,Dataset_Research_DFD/Deepfake_dataset/RVC/hindi_rvc,
rvc_hindi_fake_0018,hindi,spoof,rvc,,Pandit Chhannulal Mishra,filename,,,,Pandit Chhannulal Mishra_VOCAL_CONVERTED.wav,1D44MJHjcGVxdrdbpW1UxNCPN27suT5ZB,Dataset_Research_DFD/Deepfake_dataset/RVC/hindi_rvc,
rvc_hindi_real_0019,hindi,bonafide,rvc,,Pandit Jasraj,filename,,,,Pandit Jasraj.wav,1exn64R3vW2kkV6MwCt1EJcV3DGXYhMi4,Dataset_Research_DFD/Deepfake_dataset/RVC/hindi_rvc,
rvc_hindi_fake_0019,hindi,spoof,rvc,,Pandit Jasraj,filename,,,,Pandit Jasraj_VOCAL_CONVERTED.wav,1c9LD0xz-VwQwd3xD4_Zk_NHUnuk9ohBL,Dataset_Research_DFD/Deepfake_dataset/RVC/hindi_rvc,
rvc_hindi_real_0020,hindi,bonafide,rvc,,Pandit Kumar Gandharva,filename,,,,Pandit Kumar Gandharva.wav,1QvM7OaYX45PhDcar3FtqKIUeLyhnojZy,Dataset_Research_DFD/Deepfake_dataset/RVC/hindi_rvc,
rvc_hindi_fake_0020,hindi,spoof,rvc,,Pandit Kumar Gandharva,filename,,,,Pandit Kumar Gandharva_VOCAL_CONVERTED.wav,1gtTommmGwU3h4TdH1ybfewIrRyiI_1Og,Dataset_Research_DFD/Deepfake_dataset/RVC/hindi_rvc,
rvc_hindi_real_0021,hindi,bonafide,rvc,,Regional Artist,filename,,,,Regional Artist.wav,1tcDCfxDh3k_aqR5tdKi04DY_37gDhnRF,Dataset_Research_DFD/Deepfake_dataset/RVC/hindi_rvc,
rvc_hindi_fake_0021,hindi,spoof,rvc,,Regional Artist,filename,,,,Regional Artist_VOCAL_CONVERTED.wav,1VQbOHhEMkh9B9Yy8xiQijfGoESKyBKGb,Dataset_Research_DFD/Deepfake_dataset/RVC/hindi_rvc,
rvc_hindi_real_0022,hindi,bonafide,rvc,,Regional Folk Singer,filename,,,,Regional Folk Singer.wav,1F_RSFMWSkWjDBrIFnOnI5wYhmwoaExAm,Dataset_Research_DFD/Deepfake_dataset/RVC/hindi_rvc,
rvc_hindi_fake_0022,hindi,spoof,rvc,,Regional Folk Singer,filename,,,,Regional Folk Singer_VOCAL_CONVERTED.wav,1nH0Bjr7vJ6Lv5PWTzsmZVpATiN4vmHtG,Dataset_Research_DFD/Deepfake_dataset/RVC/hindi_rvc,
rvc_hindi_real_0023,hindi,bonafide,rvc,,Regional Singer,filename,,,,Regional Singer.wav,1Dv0f9hR6KJBl6L8osohG5Ye3pvTsCJAS,Dataset_Research_DFD/Deepfake_dataset/RVC/hindi_rvc,
rvc_hindi_fake_0023,hindi,spoof,rvc,,Regional Singer,filename,,,,Regional Singer_VOCAL_CONVERTED.wav,1lQxi0RMQnkyUVHL_UNgRSHO6LZkEwm9l,Dataset_Research_DFD/Deepfake_dataset/RVC/hindi_rvc,
rvc_hindi_real_0024,hindi,bonafide,rvc,,Roop Kumar Rathod,filename,,,,Roop Kumar Rathod.wav,1PqmG9z7DaKXzmFJXVJTUi-OHUmoeCWja,Dataset_Research_DFD/Deepfake_dataset/RVC/hindi_rvc,
rvc_hindi_fake_0024,hindi,spoof,rvc,,Roop Kumar Rathod,filename,,,,Roop Kumar Rathod_VOCAL_CONVERTED.wav,1seY9Y8XQD1j_6xxJS5BIm1klckDEXkyE,Dataset_Research_DFD/Deepfake_dataset/RVC/hindi_rvc,
rvc_hindi_real_0025,hindi,bonafide,rvc,,Shobha Gurtu,filename,,,,Shobha Gurtu.wav,13Hcs5j9pgFCz3DZrVRT0X0TXDpR5oU92,Dataset_Research_DFD/Deepfake_dataset/RVC/hindi_rvc,
rvc_hindi_fake_0025,hindi,spoof,rvc,,Shobha Gurtu,filename,,,,Shobha Gurtu_VOCAL_CONVERTED.wav,1zmYAUta_xHzgd3YxOJjjLNzKhE9lCscs,Dataset_Research_DFD/Deepfake_dataset/RVC/hindi_rvc,
rvc_hindi_real_0026,hindi,bonafide,rvc,,Sonu Nigam & Alka Yagnik,filename,,,,Sonu Nigam & Alka Yagnik.wav,1eu-mFFRu-ze1BDl8rXsIzYcWkHqob5-x,Dataset_Research_DFD/Deepfake_dataset/RVC/hindi_rvc,
rvc_hindi_fake_0026,hindi,spoof,rvc,,Sonu Nigam & Alka Yagnik,filename,,,,Sonu Nigam & Alka Yagnik_VOCAL_CONVERTED.wav,15-BZcRUXYBD87NlI1K7whMk-MUBbWAPY,Dataset_Research_DFD/Deepfake_dataset/RVC/hindi_rvc,
rvc_hindi_real_0027,hindi,bonafide,rvc,,Traditional Artist,filename,,,,Traditional Artist.wav,1mjJNm54r-xIIO8CbFLtRvcnPXEK_kToS,Dataset_Research_DFD/Deepfake_dataset/RVC/hindi_rvc,
rvc_hindi_fake_0027,hindi,spoof,rvc,,Traditional Artist,filename,,,,Traditional Artist_VOCAL_CONVERTED.wav,1l6kC1Bkd6JAofcphV1tLSld_Qh9VyXkP,Dataset_Research_DFD/Deepfake_dataset/RVC/hindi_rvc,
rvc_hindi_real_0028,hindi,bonafide,rvc,,Traditional Singer,filename,,,,Traditional Singer.wav,1hICLYAnGCgfTy-SsrtLWxzARTeK1xnB2,Dataset_Research_DFD/Deepfake_dataset/RVC/hindi_rvc,
rvc_hindi_fake_0028,hindi,spoof,rvc,,Traditional Singer,filename,,,,Traditional Singer_VOCAL_CONVERTED.wav,1VYpXeoirWrusdv5D5-jHZOJ5rXCJX_UA,Dataset_Research_DFD/Deepfake_dataset/RVC/hindi_rvc,
rvc_hindi_real_0029,hindi,bonafide,rvc,,Udit Narayan & Alka Yagnik,filename,,,,Udit Narayan & Alka Yagnik.wav,1Hzza1v4JZGsG1m0z9A74QNWXhx1lrUF7,Dataset_Research_DFD/Deepfake_dataset/RVC/hindi_rvc,
rvc_hindi_fake_0029,hindi,spoof,rvc,,Udit Narayan & Alka Yagnik,filename,,,,Udit Narayan & Alka Yagnik_VOCAL_CONVERTED.wav,1YG7LWj1cnmNyER71kGM4OZ4G9FgR3a4M,Dataset_Research_DFD/Deepfake_dataset/RVC/hindi_rvc,
rvc_hindi_real_0030,hindi,bonafide,rvc,,Udit Narayan,filename,,,,Udit Narayan.wav,1YoBPNvIiRWDxTNE2LOHPyZVaRM9a6MRw,Dataset_Research_DFD/Deepfake_dataset/RVC/hindi_rvc,
rvc_hindi_fake_0030,hindi,spoof,rvc,,Udit Narayan,filename,,,,Udit Narayan_VOCAL_CONVERTED.wav,1gVRMVmyYvsZFs6c2dIc-Hz_gOL_UYdSi,Dataset_Research_DFD/Deepfake_dataset/RVC/hindi_rvc,
rvc_hindi_real_0031,hindi,bonafide,rvc,,Ustad Amir Khan,filename,,,,Ustad Amir Khan.wav,10O2meGBrW7opAn8Z3Bs1NRalwD0kpb_h,Dataset_Research_DFD/Deepfake_dataset/RVC/hindi_rvc,
rvc_hindi_fake_0031,hindi,spoof,rvc,,Ustad Amir Khan,filename,,,,Ustad Amir Khan_VOCAL_CONVERTED.wav,1uOrIfTvAsBTC--INJuxixN9PX452dhP0,Dataset_Research_DFD/Deepfake_dataset/RVC/hindi_rvc,
rvc_hindi_real_0032,hindi,bonafide,rvc,,Ustad Rashid Khan,filename,,,,Ustad Rashid Khan.wav,1K2Egq_Vt4Qa-JJeO_BY4R_yjf28lMcgo,Dataset_Research_DFD/Deepfake_dataset/RVC/hindi_rvc,
rvc_hindi_fake_0032,hindi,spoof,rvc,,Ustad Rashid Khan,filename,,,,Ustad Rashid Khan_VOCAL_CONVERTED.wav,1920_3JYrkxqXcfyA5MJ7E2Pcv_zIyURx,Dataset_Research_DFD/Deepfake_dataset/RVC/hindi_rvc,
rvc_bengali_fake_0001,bengali,spoof,rvc,,,,Tomar Hridmajhare Rakhbo,,001,rvc_fixed_001_Tomar Hridmajhare Rakhbo.mp3_22k.wav,1x5DUgZrxkJmf1MykS5Gn5KQabofGxVGA,Dataset_Research_DFD/Deepfake_dataset/RVC/bengali_rvc,
rvc_bengali_fake_0002,bengali,spoof,rvc,,,,Bosonto Batase,,002,rvc_fixed_002_Bosonto Batase.mp3_22k.wav,1_lAd7NM5o61XC4ShZosinvO4ad5QV3AF,Dataset_Research_DFD/Deepfake_dataset/RVC/bengali_rvc,
rvc_bengali_fake_0003,bengali,spoof,rvc,,,,Kolonkini Radha,,003,rvc_fixed_003_Kolonkini Radha.mp3_22k.wav,1Tmsl52sygn3T1y23ppFQbIs5_KBekflu,Dataset_Research_DFD/Deepfake_dataset/RVC/bengali_rvc,
rvc_bengali_fake_0004,bengali,spoof,rvc,,,,Kichudin Mone Mone,,004,rvc_fixed_004_Kichudin Mone Mone.mp3_22k.wav,1hmZf3eIlCBBunMjzVR4G0rdgwpV0KREZ,Dataset_Research_DFD/Deepfake_dataset/RVC/bengali_rvc,
rvc_bengali_fake_0005,bengali,spoof,rvc,,,,Prem Sukho Nidhi Radhe,,005,rvc_fixed_005_Prem Sukho Nidhi Radhe.mp3_22k.wav,1YsJAuGIowWlch9zVKgHyUh9wOiWZfsdx,Dataset_Research_DFD/Deepfake_dataset/RVC/bengali_rvc,
rvc_bengali_fake_0006,bengali,spoof,rvc,,,,Bare Bare Ke Jeno Dake,,006,rvc_fixed_006_Bare Bare Ke Jeno Dake.mp3_22k.wav,1XqCZgpqknkpA3hD7S1BdsdDNKKonZoyn,Dataset_Research_DFD/Deepfake_dataset/RVC/bengali_rvc,
rvc_bengali_fake_0007,bengali,spoof,rvc,,,,Doyal Tomaro Lagiya,,007,rvc_fixed_007_Doyal Tomaro Lagiya.mp3_22k.wav,14_9RfK_pN_YZBkTVGev-sMlDu07uPtfM,Dataset_Research_DFD/Deepfake_dataset/RVC/bengali_rvc,
rvc_bengali_fake_0008,bengali,spoof,rvc,,,,Bhromor,,008,rvc_fixed_008_Bhromor.mp3_22k.wav,1QyBValA6_y5HyCo_ktGIeu7XAgJtvcLx,Dataset_Research_DFD/Deepfake_dataset/RVC/bengali_rvc,
rvc_bengali_fake_0009,bengali,spoof,rvc,,,,Bareer Kachhe Arshinogor,,009,rvc_fixed_009_Bareer Kachhe Arshinogor.mp3_22k.wav,1zwJnv1ml6oO2uRcJ2CTcWuRps3Sp7UPd,Dataset_Research_DFD/Deepfake_dataset/RVC/bengali_rvc,
rvc_bengali_fake_0010,bengali,spoof,rvc,,,,Moner Manush,,010,rvc_fixed_010_Moner Manush.mp3_22k.wav,1Q0J43MOV2CrrPBA_mLiJcsav4HWWAQ_O,Dataset_Research_DFD/Deepfake_dataset/RVC/bengali_rvc,
rvc_bengali_fake_0011,bengali,spoof,rvc,,,,Jao Pakhi Bolo Tare,,011,rvc_fixed_011_Jao Pakhi Bolo Tare.mp3_22k.wav,1TwVct_4PdMaENDLLCrZU4rqom340Mh7K,Dataset_Research_DFD/Deepfake_dataset/RVC/bengali_rvc,
rvc_bengali_fake_0012,bengali,spoof,rvc,,,,Khachar Bhitor Achin Pakhi,,012,rvc_fixed_012_Khachar Bhitor Achin Pakhi.mp3_22k.wav,1km9O9ylTH98S3vx8t52yfkQv-Lh9ywEe,Dataset_Research_DFD/Deepfake_dataset/RVC/bengali_rvc,
rvc_bengali_fake_0013,bengali,spoof,rvc,,,,Age Ki Sundor Din Kataitam,,013,rvc_fixed_013_Age Ki Sundor Din Kataitam.mp3_22k.wav,1ofbocTCM957PB_zXofHzz276K8bzzeWl,Dataset_Research_DFD/Deepfake_dataset/RVC/bengali_rvc,
rvc_bengali_fake_0014,bengali,spoof,rvc,,,,Pal Tule De,,014,rvc_fixed_014_Pal Tule De.mp3_22k.wav,1v0dxxxjJBa224MCO9P2av7Vn_x1K_rTS,Dataset_Research_DFD/Deepfake_dataset/RVC/bengali_rvc,
rvc_bengali_fake_0015,bengali,spoof,rvc,,,,Bala Nacho To Dekhi,,015,rvc_fixed_015_Bala Nacho To Dekhi.mp3_22k.wav,1GRTFzF4v6suVEGsbluKTlafbAOzYm6_-,Dataset_Research_DFD/Deepfake_dataset/RVC/bengali_rvc,
rvc_bengali_fake_0016,bengali,spoof,rvc,,,,Pindare Polasher Bon,,016,rvc_fixed_016_Pindare Polasher Bon.mp3_22k.wav,1Ekzfh8mnpWr2k256voE5MChdFjtfMfRv,Dataset_Research_DFD/Deepfake_dataset/RVC/bengali_rvc,
rvc_bengali_fake_0017,bengali,spoof,rvc,,,,Sadher Lau Banaila More Bairagi,,017,rvc_fixed_017_Sadher Lau Banaila More Bairagi.mp3_22k.wav,1dSL6syFxcH_u6xZD8Fu11fpaN67aVHHR,Dataset_Research_DFD/Deepfake_dataset/RVC/bengali_rvc,
rvc_bengali_fake_0018,bengali,spoof,rvc,,,,Sohag Chand Badani Dhani,,018,rvc_fixed_018_Sohag Chand Badani Dhani.mp3_22k.wav,1oVjtEpbHi738MPdCq6yUtN6R32ohIOMq,Dataset_Research_DFD/Deepfake_dataset/RVC/bengali_rvc,
rvc_bengali_fake_0019,bengali,spoof,rvc,,,,Ami Eto Je Tomay Bhalobesechhi,,019,rvc_fixed_019_Ami Eto Je Tomay Bhalobesechhi.mp3_22k.wav,1R_MxXDE3JbHQL73mK1HWJOeBK88Uw_AR,Dataset_Research_DFD/Deepfake_dataset/RVC/bengali_rvc,
rvc_bengali_fake_0020,bengali,spoof,rvc,,,,Bone Noy Mone Mor,,020,rvc_fixed_020_Bone Noy Mone Mor.mp3_22k.wav,1fgjEZa5dmjW8KDwFthAyxjmMLzwhddGU,Dataset_Research_DFD/Deepfake_dataset/RVC/bengali_rvc,
rvc_bengali_fake_0021,bengali,spoof,rvc,,,,Tabo Achintya Rupa - Charita - Mahima,,023,rvc_fixed_023_Tabo Achintya Rupa - Charita - Mahima.mp3_22k.wav,1iax4AqqH8rzQARdgjsZxnksKihuqMKY_,Dataset_Research_DFD/Deepfake_dataset/RVC/bengali_rvc,
rvc_bengali_fake_0022,bengali,spoof,rvc,,,,Kotha He,,024,rvc_fixed_024_Kotha He.mp3_22k.wav,13rMto5IWImBKBIps0yip4N7seUebk8E-,Dataset_Research_DFD/Deepfake_dataset/RVC/bengali_rvc,
rvc_bengali_fake_0023,bengali,spoof,rvc,,,,Aj Noy Kaal Noy Roj Protidin,,025,rvc_fixed_025_Aj Noy Kaal Noy Roj Protidin.mp3_22k.wav,10t5ZXfeaUfdSyn-O738GtV1H5h6IB23o,Dataset_Research_DFD/Deepfake_dataset/RVC/bengali_rvc,
rvc_bengali_fake_0024,bengali,spoof,rvc,,,,Keno Phote Keno Kusum Jhare Jaay,,027,rvc_fixed_027_Keno Phote Keno Kusum Jhare Jaay.mp3_22k.wav,1yhM1BM3qs8JYz7BdbS1Y85BbZp9K6h3T,Dataset_Research_DFD/Deepfake_dataset/RVC/bengali_rvc,
rvc_bengali_fake_0025,bengali,spoof,rvc,,,,Mayur Ponkhi Louka,,028,rvc_fixed_028_Mayur Ponkhi Louka.mp3_22k.wav,1t7H_0Dcc0AKydx8XYt0R8hlEH3GWjYrJ,Dataset_Research_DFD/Deepfake_dataset/RVC/bengali_rvc,
rvc_bengali_fake_0026,bengali,spoof,rvc,,,,Arunkanti Ke Go Jogi,,030,rvc_fixed_030_Arunkanti Ke Go Jogi.mp3_22k.wav,1NZqb9PSVCOjO8Ekdp17Qkg2XQqpOYM3N,Dataset_Research_DFD/Deepfake_dataset/RVC/bengali_rvc,
rvc_bengali_fake_0027,bengali,spoof,rvc,,,,Bagichay Bulbuli Tui,,031,rvc_fixed_031_Bagichay Bulbuli Tui.mp3_22k.wav,1j3NMkZs9njbt5d0d7pzN-mH0tL_3E3Fk,Dataset_Research_DFD/Deepfake_dataset/RVC/bengali_rvc,
rvc_bengali_fake_0028,bengali,spoof,rvc,,,,Akashta Kanpchhilo Kyan,,032,rvc_fixed_032_Akashta Kanpchhilo Kyan.mp3_22k.wav,1cCfrVRkD01Q9VTFUGQCn1miJSVM8ZEKs,Dataset_Research_DFD/Deepfake_dataset/RVC/bengali_rvc,
rvc_bengali_fake_0029,bengali,spoof,rvc,,,,Jani Amar Sadhana Nai,,035,rvc_fixed_035_Jani Amar Sadhana Nai.mp3_22k.wav,11jd3uFuztdlyH2qxC1wIhHAbSUEFfohM,Dataset_Research_DFD/Deepfake_dataset/RVC/bengali_rvc,
rvc_bengali_fake_0030,bengali,spoof,rvc,,,,Kul Kolonko,,037,rvc_fixed_037_Kul Kolonko.mp3_22k.wav,1OXUagkbfKsbmpZ3FKLSsymhrgviefBN2,Dataset_Research_DFD/Deepfake_dataset/RVC/bengali_rvc,
rvc_bengali_fake_0031,bengali,spoof,rvc,,,,Bou Katha Kao,,038,rvc_fixed_038_Bou Katha Kao.mp3_22k.wav,1cJHda6mv9rgzdxs6VZdtatC59Gpq3DTU,Dataset_Research_DFD/Deepfake_dataset/RVC/bengali_rvc,
rvc_bengali_fake_0032,bengali,spoof,rvc,,,,Andhakare Ese Tumi,,039,rvc_fixed_039_Andhakare Ese Tumi.mp3_22k.wav,160t4s_lqslXtnGIOxtgn_k10nrmU1rSB,Dataset_Research_DFD/Deepfake_dataset/RVC/bengali_rvc,
rvc_bengali_fake_0033,bengali,spoof,rvc,,,,Keno Tomra Amai Dako,,040,rvc_fixed_040_Keno Tomra Amai Dako.mp3_22k.wav,1i0BjmoWyBTg0tmlMT-D3QX-4zNrJ8eGr,Dataset_Research_DFD/Deepfake_dataset/RVC/bengali_rvc,
rvc_bengali_fake_0034,bengali,spoof,rvc,,,,Tor Bhubane Jwale Eto Alo,,041,rvc_fixed_041_Tor Bhubane Jwale Eto Alo.mp3_22k.wav,18aIhhKFO4FM6EMMAtBGdnOLkb4kaNaYd,Dataset_Research_DFD/Deepfake_dataset/RVC/bengali_rvc,
rvc_bengali_fake_0035,bengali,spoof,rvc,,,,Amar Bhetor Ami Ke,,042,rvc_fixed_042_Amar Bhetor Ami Ke.mp3_22k.wav,1hNWUMjlYqYPY9yxyX531r3oeFY7Dxy24,Dataset_Research_DFD/Deepfake_dataset/RVC/bengali_rvc,
rvc_bengali_fake_0036,bengali,spoof,rvc,,,,Ma Habi Na Meye Habi,,043,rvc_fixed_043_Ma Habi Na Meye Habi.mp3_22k.wav,119RSQnWw78erHX0VfwF5dxRoihorVvrR,Dataset_Research_DFD/Deepfake_dataset/RVC/bengali_rvc,
rvc_bengali_fake_0037,bengali,spoof,rvc,,,,Nachiye Nachiye,,044,rvc_fixed_044_Nachiye Nachiye.mp3_22k.wav,1xup40s-M-Ha1_Ld-JOvFgpkw_dFyatZR,Dataset_Research_DFD/Deepfake_dataset/RVC/bengali_rvc,
rvc_bengali_fake_0038,bengali,spoof,rvc,,,,Hori Naamer Tori,,045,rvc_fixed_045_Hori Naamer Tori.mp3_22k.wav,1aCC6VuBTHO7KX-oKfVVmhSxdlvYXKAK_,Dataset_Research_DFD/Deepfake_dataset/RVC/bengali_rvc,
rvc_bengali_fake_0039,bengali,spoof,rvc,,,,Deeno Tarini,,046,rvc_fixed_046_Deeno Tarini.mp3_22k.wav,1Oml2EcT8P_zaEF1AJkauYMgPx1QsOqi0,Dataset_Research_DFD/Deepfake_dataset/RVC/bengali_rvc,
rvc_bengali_fake_0040,bengali,spoof,rvc,,,,Ami Jhanjhar Mato Durbar,,047,rvc_fixed_047_Ami Jhanjhar Mato Durbar.mp3_22k.wav,1RttCKg10ttYDT1DAjXxEhvQjYjBAVcCI,Dataset_Research_DFD/Deepfake_dataset/RVC/bengali_rvc,
rvc_bengali_fake_0041,bengali,spoof,rvc,,,,E Ki Labanye Purna Pran,,048,rvc_fixed_048_E Ki Labanye Purna Pran.mp3_22k.wav,1mJ9S2Ty1EAoWQ38kmho-xiOc8wrvLDL3,Dataset_Research_DFD/Deepfake_dataset/RVC/bengali_rvc,
rvc_bengali_fake_0042,bengali,spoof,rvc,,,,Akoruno Shathire,,051,rvc_fixed_051_Akoruno Shathire.mp3_22k.wav,1-lawztJHAGtsGWaFFFq-nNyHva4_T47Y,Dataset_Research_DFD/Deepfake_dataset/RVC/bengali_rvc,
rvc_bengali_fake_0043,bengali,spoof,rvc,,,,Moder Ei Shikal Pora Chhal,,053,rvc_fixed_053_Moder Ei Shikal Pora Chhal.mp3_22k.wav,11vpj8fWBY3DW-gjT1LfzVdOBRxTdR5VP,Dataset_Research_DFD/Deepfake_dataset/RVC/bengali_rvc,
rvc_bengali_fake_0044,bengali,spoof,rvc,,,,Bhoriya Paran Shunitechhi Gaan,,054,rvc_fixed_054_Bhoriya Paran Shunitechhi Gaan.mp3_22k.wav,1efX_AjkrXQcuXfy-Y2KOicUr-cMfmzdq,Dataset_Research_DFD/Deepfake_dataset/RVC/bengali_rvc,
rvc_bengali_fake_0045,bengali,spoof,rvc,,,,Nishi Raat,,055,rvc_fixed_055_Nishi Raat.mp3_22k.wav,1LN8i6HiQP5TwrANiKULRuaSXYkCN3Vme,Dataset_Research_DFD/Deepfake_dataset/RVC/bengali_rvc,
rvc_bengali_fake_0046,bengali,spoof,rvc,,,,Kusume Kusume Charonchinha,,056,rvc_fixed_056_Kusume Kusume Charonchinha.mp3_22k.wav,1kjP_TXwRJs7JB4Q3FDBPjfVU0l4fvvCH,Dataset_Research_DFD/Deepfake_dataset/RVC/bengali_rvc,
rvc_bengali_fake_0047,bengali,spoof,rvc,,,,Ache Syam Ange Rai Ango Helia,,058,rvc_fixed_058_Ache Syam Ange Rai Ango Helia.mp3_22k.wav,1lwL0dMT9ikngkcmNk4y7PJ8TLUvzQdYB,Dataset_Research_DFD/Deepfake_dataset/RVC/bengali_rvc,
rvc_bengali_fake_0048,bengali,spoof,rvc,,,,Kala,,059,rvc_fixed_059_Kala.mp3_22k.wav,1sk_BpjCduky3gEOVNThBRaytvQFrS2YL,Dataset_Research_DFD/Deepfake_dataset/RVC/bengali_rvc,
rvc_bengali_fake_0049,bengali,spoof,rvc,,,,Apon Moner Baghe,,060,rvc_fixed_060_Apon Moner Baghe.mp3_22k.wav,1a8VGS5vrn9hdQIWjSuypKLOZnL5I6zNI,Dataset_Research_DFD/Deepfake_dataset/RVC/bengali_rvc,
rvc_bengali_fake_0050,bengali,spoof,rvc,,,,Se Chokh Kothai Tomar,,061,rvc_fixed_061_Se Chokh Kothai Tomar.mp3_22k.wav,1ZufA0BwOdhlKxjrwe4vc85rgPLQmeTet,Dataset_Research_DFD/Deepfake_dataset/RVC/bengali_rvc,
rvc_bengali_fake_0051,bengali,spoof,rvc,,,,Ami Je Kato Ekela,,062,rvc_fixed_062_Ami Je Kato Ekela.mp3_22k.wav,1Yk4KaXd4BG2qUP5Ubg0FptFQMnTT3Kiv,Dataset_Research_DFD/Deepfake_dataset/RVC/bengali_rvc,
rvc_bengali_fake_0052,bengali,spoof,rvc,,,,Say Hari Mynah Bird,,064,rvc_fixed_064_Say Hari Mynah Bird.mp3_22k.wav,1xIlITkErOPC989aQjFxIT6zsEmKIRwJr,Dataset_Research_DFD/Deepfake_dataset/RVC/bengali_rvc,
rvc_bengali_fake_0053,bengali,spoof,rvc,,,,Jonomo Morono Hobe Nibarono,,067,rvc_fixed_067_Jonomo Morono Hobe Nibarono.mp3_22k.wav,1YHkXr516JlvF_LVoZt15MoALLKDAWuqq,Dataset_Research_DFD/Deepfake_dataset/RVC/bengali_rvc,
rvc_bengali_fake_0054,bengali,spoof,rvc,,,,Ami Tomar Lageya Re,,068,rvc_fixed_068_Ami Tomar Lageya Re.mp3_22k.wav,1phLHLskvkuqMjz1rSlkrNOklHLPMXLBW,Dataset_Research_DFD/Deepfake_dataset/RVC/bengali_rvc,
rvc_bengali_fake_0055,bengali,spoof,rvc,,,,Aaji Milan Basar Priya,,069,rvc_fixed_069_Aaji Milan Basar Priya.mp3_22k.wav,1ETbAf4VRgiDp1qOGF6J5Jq1SWqGFsg9s,Dataset_Research_DFD/Deepfake_dataset/RVC/bengali_rvc,
rvc_bengali_fake_0056,bengali,spoof,rvc,,,,O Amar Chandramallika,,072,rvc_fixed_072_O Amar Chandramallika.mp3_22k.wav,1gJ0EcFEfx-R63JNYTHz_CCycbdH31j41,Dataset_Research_DFD/Deepfake_dataset/RVC/bengali_rvc,
rvc_bengali_fake_0057,bengali,spoof,rvc,,,,Purbo Digontey,,074,rvc_fixed_074_Purbo Digontey.mp3_22k.wav,1TZclWfEGn6Fv8wE1O7rNWZXkuEAKgml4,Dataset_Research_DFD/Deepfake_dataset/RVC/bengali_rvc,
rvc_bengali_fake_0058,bengali,spoof,rvc,,,,Milon Hobe Koto Dine,,075,rvc_fixed_075_Milon Hobe Koto Dine.mp3_22k.wav,17Ed4h-E2aL6be5wQSFuX0tyda935d5f1,Dataset_Research_DFD/Deepfake_dataset/RVC/bengali_rvc,
rvc_bengali_fake_0059,bengali,spoof,rvc,,,,Loke Bale Bale Re,,076,rvc_fixed_076_Loke Bale Bale Re.mp3_22k.wav,11TX2zlcbhW-MQet9v8f9i6OpSI4T57qe,Dataset_Research_DFD/Deepfake_dataset/RVC/bengali_rvc,
rvc_bengali_fake_0060,bengali,spoof,rvc,,,,Menoka Mathaye Dilo,,077,rvc_fixed_077_Menoka Mathaye Dilo.mp3_22k.wav,1D26ves-vC3f0QAHAO8e_byptqyg12L4K,Dataset_Research_DFD/Deepfake_dataset/RVC/bengali_rvc,
rvc_bengali_fake_0061,bengali,spoof,rvc,,,,Kalo Jole Kuchla Tole,,079,rvc_fixed_079_Kalo Jole Kuchla Tole.mp3_22k.wav,1qFqdrNZPOJBQ2p39UcRQ-0OH7XlOmyRI,Dataset_Research_DFD/Deepfake_dataset/RVC/bengali_rvc,
rvc_bengali_fake_0062,bengali,spoof,rvc,,,,Lal Paharir Deshe Ja,,080,rvc_fixed_080_Lal Paharir Deshe Ja.mp3_22k.wav,1mnFpOObyyiDyhQ7-E_bS4YD1V1myVRpy,Dataset_Research_DFD/Deepfake_dataset/RVC/bengali_rvc,
rvc_bengali_fake_0063,bengali,spoof,rvc,,,,Phagooner Mohonaye,,081,rvc_fixed_081_Phagooner Mohonaye.mp3_22k.wav,1zkVtYrEtKo8wnktkseAdHmyxKldOR-0p,Dataset_Research_DFD/Deepfake_dataset/RVC/bengali_rvc,
rvc_bengali_fake_0064,bengali,spoof,rvc,,,,Sheeter Hawaay,,084,rvc_fixed_084_Sheeter Hawaay.mp3_22k.wav,1uAOQUTQphMY9OHeTZs7owUXbqA0vItwq,Dataset_Research_DFD/Deepfake_dataset/RVC/bengali_rvc,
rvc_odia_fake_0001,odia,spoof,rvc,,,,,,001,rvc_odia_001.wav,1f7s52b7zm3gcCKajU-K9IUIsPdAuXlcu,Dataset_Research_DFD/Deepfake_dataset/RVC/odia_rvc,
rvc_odia_fake_0002,odia,spoof,rvc,,,,,,002,rvc_odia_002.wav,1fAxpB0HayE7lynUKuEhNXKi5oSLGAzLH,Dataset_Research_DFD/Deepfake_dataset/RVC/odia_rvc,
rvc_odia_fake_0003,odia,spoof,rvc,,,,,,003,rvc_odia_003.wav,1O9OqHIIzXgQPhThA-ZlbWb9tpv8Z_M3E,Dataset_Research_DFD/Deepfake_dataset/RVC/odia_rvc,
rvc_odia_fake_0004,odia,spoof,rvc,,,,,,004,rvc_odia_004.wav,1ZvF01Vr3E8pX9J65kOQVAYqziJSH_MqL,Dataset_Research_DFD/Deepfake_dataset/RVC/odia_rvc,
rvc_odia_fake_0005,odia,spoof,rvc,,,,,,005,rvc_odia_005.wav,1vhgRATa3xRhiPg1Z6R1yaKDSubUGalby,Dataset_Research_DFD/Deepfake_dataset/RVC/odia_rvc,
rvc_odia_fake_0006,odia,spoof,rvc,,,,,,006,rvc_odia_006.wav,1Q9bV5qe26thnSlyjpbjbSTauh_GnEwdI,Dataset_Research_DFD/Deepfake_dataset/RVC/odia_rvc,
rvc_odia_fake_0007,odia,spoof,rvc,,,,,,007,rvc_odia_007.wav,18xfsHITFDt9p7a-t5OneipvLr6Rtdi_g,Dataset_Research_DFD/Deepfake_dataset/RVC/odia_rvc,
rvc_odia_fake_0008,odia,spoof,rvc,,,,,,008,rvc_odia_008.wav,17f5KvNXFYPQ73a4kFMGjMQUsgMwaz5e-,Dataset_Research_DFD/Deepfake_dataset/RVC/odia_rvc,
rvc_odia_fake_0009,odia,spoof,rvc,,,,,,009,rvc_odia_009.wav,1bLSmcTF0Zbj5hjRmIDsr4yx-nq3aF1Go,Dataset_Research_DFD/Deepfake_dataset/RVC/odia_rvc,
rvc_odia_fake_0010,odia,spoof,rvc,,,,,,010,rvc_odia_010.wav,1yaqhUREEXyhIbysbH58Hj3vHG-MsD5dv,Dataset_Research_DFD/Deepfake_dataset/RVC/odia_rvc,
rvc_odia_fake_0011,odia,spoof,rvc,,,,,,011,rvc_odia_011.wav,1U1Ol5QfLByZeo5c0HWMlPkH-H0GaeKwg,Dataset_Research_DFD/Deepfake_dataset/RVC/odia_rvc,
rvc_odia_fake_0012,odia,spoof,rvc,,,,,,012,rvc_odia_012.wav,1Qd89xvEvXse_C1dfb3ZrkiGiYs_4IogU,Dataset_Research_DFD/Deepfake_dataset/RVC/odia_rvc,
rvc_odia_fake_0013,odia,spoof,rvc,,,,,,013,rvc_odia_013.wav,1g6-OadLju1FcXGPml8sfmTkIcoj3tq9z,Dataset_Research_DFD/Deepfake_dataset/RVC/odia_rvc,
rvc_odia_fake_0014,odia,spoof,rvc,,,,,,014,rvc_odia_014.wav,1kat5qt_y8ZCqnM6NnUOOJAl_JL27u5bt,Dataset_Research_DFD/Deepfake_dataset/RVC/odia_rvc,
rvc_punjabi_fake_0001,punjabi,spoof,rvc,,,,,,001,rvc_punjabi_001.wav,15eITaRBaKI31_Jfx-PO16yrLlI69cj-K,Dataset_Research_DFD/Deepfake_dataset/RVC/punjabi_rvc,
rvc_punjabi_fake_0002,punjabi,spoof,rvc,,,,,,002,rvc_punjabi_002.wav,1lHi-HfQtQaO7WMdWb9VGgCteZYLWB5Ga,Dataset_Research_DFD/Deepfake_dataset/RVC/punjabi_rvc,
rvc_punjabi_fake_0003,punjabi,spoof,rvc,,,,,,003,rvc_punjabi_003.wav,15G0Q7D5ZcLzdamBDOsZml_X8EY6XGmWo,Dataset_Research_DFD/Deepfake_dataset/RVC/punjabi_rvc,
rvc_punjabi_fake_0004,punjabi,spoof,rvc,,,,,,004,rvc_punjabi_004.wav,1kyiCpFwmmj9JtPlwRyeOZS6kqiGUd7SH,Dataset_Research_DFD/Deepfake_dataset/RVC/punjabi_rvc,
rvc_punjabi_fake_0005,punjabi,spoof,rvc,,,,,,005,rvc_punjabi_005.wav,1nxhSujRZ9tCPU6a-4Dck-zo9Ih-ly-6R,Dataset_Research_DFD/Deepfake_dataset/RVC/punjabi_rvc,
rvc_punjabi_fake_0006,punjabi,spoof,rvc,,,,,,006,rvc_punjabi_006.wav,1BPwtIIJl2-4jUUpFWoOPUk-nROV3UKJ2,Dataset_Research_DFD/Deepfake_dataset/RVC/punjabi_rvc,
rvc_punjabi_fake_0007,punjabi,spoof,rvc,,,,,,007,rvc_punjabi_007.wav,1xHcPwzzC6icYNaxSbTrbt5ItMZMHJIFi,Dataset_Research_DFD/Deepfake_dataset/RVC/punjabi_rvc,
rvc_punjabi_fake_0008,punjabi,spoof,rvc,,,,,,008,rvc_punjabi_008.wav,1mrwQX5A1zbDmlpyg9mSI8rHx2cx3DmBK,Dataset_Research_DFD/Deepfake_dataset/RVC/punjabi_rvc,
rvc_punjabi_fake_0009,punjabi,spoof,rvc,,,,,,009,rvc_punjabi_009.wav,1dkVaKPbrFjluQBVDOkb1MX3tKgo7wpdq,Dataset_Research_DFD/Deepfake_dataset/RVC/punjabi_rvc,
rvc_punjabi_fake_0010,punjabi,spoof,rvc,,,,,,010,rvc_punjabi_010.wav,11_pH5tE3MqpGAWiy5AhmXqDgf5WZiQYL,Dataset_Research_DFD/Deepfake_dataset/RVC/punjabi_rvc,
rvc_punjabi_fake_0011,punjabi,spoof,rvc,,,,,,011,rvc_punjabi_011.wav,1j69HUSORspG7XcI-nGMn5NQ2t6tFBETK,Dataset_Research_DFD/Deepfake_dataset/RVC/punjabi_rvc,
rvc_punjabi_fake_0012,punjabi,spoof,rvc,,,,,,012,rvc_punjabi_012.wav,1mQLOPWPiV3O_706RfM3oIvDC6imPBxdt,Dataset_Research_DFD/Deepfake_dataset/RVC/punjabi_rvc,
rvc_punjabi_fake_0013,punjabi,spoof,rvc,,,,,,013,rvc_punjabi_013.wav,1hKmgXP-XEemYq-Ue6kMLG_fL6x3c_Zrl,Dataset_Research_DFD/Deepfake_dataset/RVC/punjabi_rvc,
rvc_punjabi_fake_0014,punjabi,spoof,rvc,,,,,,014,rvc_punjabi_014.wav,1pclTd2lMYEU5t52WW_M8byJFWG_Luv8s,Dataset_Research_DFD/Deepfake_dataset/RVC/punjabi_rvc,
rvc_punjabi_fake_0015,punjabi,spoof,rvc,,,,,,015,rvc_punjabi_015.wav,1zONtYJ9Az7-v7WvliTeFlDIZTG5AtGMC,Dataset_Research_DFD/Deepfake_dataset/RVC/punjabi_rvc,
rvc_punjabi_fake_0016,punjabi,spoof,rvc,,,,,,016,rvc_punjabi_016.wav,1Fk8HZgTDBMTZH0uXypcXTdTK5AJ6yfg9,Dataset_Research_DFD/Deepfake_dataset/RVC/punjabi_rvc,
rvc_punjabi_fake_0017,punjabi,spoof,rvc,,,,,,017,rvc_punjabi_017.wav,1Uk29NfkkwNsgG-Ho0Suy8ZjcZAtHu-uA,Dataset_Research_DFD/Deepfake_dataset/RVC/punjabi_rvc,
rvc_punjabi_fake_0018,punjabi,spoof,rvc,,,,,,018,rvc_punjabi_018.wav,1hUOrUZ4agXHNBSI947AKU46M4W4DKsc1,Dataset_Research_DFD/Deepfake_dataset/RVC/punjabi_rvc,
rvc_punjabi_fake_0019,punjabi,spoof,rvc,,,,,,019,rvc_punjabi_019.wav,1p5ka9ROiFItYUmczu9ReuperZdcxsiaM,Dataset_Research_DFD/Deepfake_dataset/RVC/punjabi_rvc,
rvc_punjabi_fake_0020,punjabi,spoof,rvc,,,,,,020,rvc_punjabi_020.wav,1sShnAIblPUKsNNvh2gVovdAVnv18JqBb,Dataset_Research_DFD/Deepfake_dataset/RVC/punjabi_rvc,
rvc_punjabi_fake_0021,punjabi,spoof,rvc,,,,,,021,rvc_punjabi_021.wav,17Mr4fy_gb1gLnRm3miUeTlU37R_lEPY9,Dataset_Research_DFD/Deepfake_dataset/RVC/punjabi_rvc,
rvc_punjabi_fake_0022,punjabi,spoof,rvc,,,,,,022,rvc_punjabi_022.wav,1BebC-OW6ZW5pFAHzNsi8lBOGnF--RK9H,Dataset_Research_DFD/Deepfake_dataset/RVC/punjabi_rvc,
rvc_punjabi_fake_0023,punjabi,spoof,rvc,,,,,,023,rvc_punjabi_023.wav,1JfXVVvLodBjUgCMbJXrupaGQQZHAWBnm,Dataset_Research_DFD/Deepfake_dataset/RVC/punjabi_rvc,
rvc_punjabi_fake_0024,punjabi,spoof,rvc,,,,,,024,rvc_punjabi_024.wav,1-GVENhGHB8STY6lqrupT_zkW8Ifd5dVV,Dataset_Research_DFD/Deepfake_dataset/RVC/punjabi_rvc,
rvc_punjabi_fake_0025,punjabi,spoof,rvc,,,,,,025,rvc_punjabi_025.wav,12VcOHGJ0PrEJGCTXvoxeMxd0LoyV9DRV,Dataset_Research_DFD/Deepfake_dataset/RVC/punjabi_rvc,
rvc_punjabi_fake_0026,punjabi,spoof,rvc,,,,,,026,rvc_punjabi_026.wav,1iaffydA6xkhTiGl_RCssYQLsW2WZqmPS,Dataset_Research_DFD/Deepfake_dataset/RVC/punjabi_rvc,
rvc_punjabi_fake_0027,punjabi,spoof,rvc,,,,,,027,rvc_punjabi_027.wav,1Ms2LvSgVK8cjOfo-uUcAWomcBfGMBV63,Dataset_Research_DFD/Deepfake_dataset/RVC/punjabi_rvc,
rvc_punjabi_fake_0028,punjabi,spoof,rvc,,,,,,028,rvc_punjabi_028.wav,1zBCJuoYcda8k0zyJy2gqTUBrFP5l6BrI,Dataset_Research_DFD/Deepfake_dataset/RVC/punjabi_rvc,
rvc_punjabi_fake_0029,punjabi,spoof,rvc,,,,,,029,rvc_punjabi_029.wav,1Viyoa_tkGAD8rJyLmzBpsOpSM9vIZ0nX,Dataset_Research_DFD/Deepfake_dataset/RVC/punjabi_rvc,
rvc_punjabi_fake_0030,punjabi,spoof,rvc,,,,,,030,rvc_punjabi_030.wav,19HtircqfCzD0ks-xWIIanoOqLJ4hPOx-,Dataset_Research_DFD/Deepfake_dataset/RVC/punjabi_rvc,
rvc_punjabi_fake_0031,punjabi,spoof,rvc,,,,,,031,rvc_punjabi_031.wav,10EwWw9jS3Pt5YnaecOdTO7dMbxYFdUR-,Dataset_Research_DFD/Deepfake_dataset/RVC/punjabi_rvc,
rvc_punjabi_fake_0032,punjabi,spoof,rvc,,,,,,032,rvc_punjabi_032.wav,1TCVMkwV08RAI32sJ_4deXOpQbTxEofjY,Dataset_Research_DFD/Deepfake_dataset/RVC/punjabi_rvc,
rvc_punjabi_fake_0033,punjabi,spoof,rvc,,,,,,033,rvc_punjabi_033.wav,1stvOSZz6aUlF4fqSaCidcas2fvPXp1Zh,Dataset_Research_DFD/Deepfake_dataset/RVC/punjabi_rvc,
rvc_punjabi_fake_0034,punjabi,spoof,rvc,,,,,,034,rvc_punjabi_034.wav,1rcNEzY6_GN57Tzq6HUd1LTO4WIcJj2PU,Dataset_Research_DFD/Deepfake_dataset/RVC/punjabi_rvc,
rvc_punjabi_fake_0035,punjabi,spoof,rvc,,,,,,035,rvc_punjabi_035.wav,17BcUprOUP_f1NXOZriv1llQfkxzJKFYq,Dataset_Research_DFD/Deepfake_dataset/RVC/punjabi_rvc,
rvc_punjabi_fake_0036,punjabi,spoof,rvc,,,,,,036,rvc_punjabi_036.wav,1aWdh09dgckCTINhcPa-D0-DBUhqCy5fP,Dataset_Research_DFD/Deepfake_dataset/RVC/punjabi_rvc,
rvc_punjabi_fake_0037,punjabi,spoof,rvc,,,,,,037,rvc_punjabi_037.wav,1cp9N2dYREVnxFATDRnpcmn_mbui3mGk3,Dataset_Research_DFD/Deepfake_dataset/RVC/punjabi_rvc,
rvc_punjabi_fake_0038,punjabi,spoof,rvc,,,,,,038,rvc_punjabi_038.wav,1jIBnqQw8RweGH7DstGOtnJUl2OXfwFe3,Dataset_Research_DFD/Deepfake_dataset/RVC/punjabi_rvc,
rvc_punjabi_fake_0039,punjabi,spoof,rvc,,,,,,039,rvc_punjabi_039.wav,1ha0T0n9Y3Vi2NzySEVV_bhQR6cxe57Mq,Dataset_Research_DFD/Deepfake_dataset/RVC/punjabi_rvc,
rvc_punjabi_fake_0040,punjabi,spoof,rvc,,,,,,040,rvc_punjabi_040.wav,1L03gl1eZS6E8wfoMi1J556o2EcSz7sfu,Dataset_Research_DFD/Deepfake_dataset/RVC/punjabi_rvc,
rvc_punjabi_fake_0041,punjabi,spoof,rvc,,,,,,041,rvc_punjabi_041.wav,1GSNw7_1NQ_YxVMuDH8LxTisCgXj_hV17,Dataset_Research_DFD/Deepfake_dataset/RVC/punjabi_rvc,
rvc_punjabi_fake_0042,punjabi,spoof,rvc,,,,,,042,rvc_punjabi_042.wav,1EXrpTFAymCYq0WUHCtqbCYz5htdSWuvn,Dataset_Research_DFD/Deepfake_dataset/RVC/punjabi_rvc,
rvc_punjabi_fake_0043,punjabi,spoof,rvc,,,,,,043,rvc_punjabi_043.wav,1a0Xb4HzUUh5tQJAukRQPj6-Uwyy7EyT7,Dataset_Research_DFD/Deepfake_dataset/RVC/punjabi_rvc,
rvc_punjabi_fake_0044,punjabi,spoof,rvc,,,,,,044,rvc_punjabi_044.wav,152RGT6Nuvr8V5sK6B0T-QDm-vmLrBves,Dataset_Research_DFD/Deepfake_dataset/RVC/punjabi_rvc,
rvc_punjabi_fake_0045,punjabi,spoof,rvc,,,,,,045,rvc_punjabi_045.wav,11BOD8AQYbO1-lnVNoU5ewnFkq8DarH5C,Dataset_Research_DFD/Deepfake_dataset/RVC/punjabi_rvc,
rvc_punjabi_fake_0046,punjabi,spoof,rvc,,,,,,046,rvc_punjabi_046.wav,1DpZsPFzFWaTQSluiuA26o3N-cFsczOTi,Dataset_Research_DFD/Deepfake_dataset/RVC/punjabi_rvc,
rvc_punjabi_fake_0047,punjabi,spoof,rvc,,,,,,047,rvc_punjabi_047.wav,1xW3K9wofMI9-QUPpO0flqmTqlNWZTCUc,Dataset_Research_DFD/Deepfake_dataset/RVC/punjabi_rvc,
rvc_punjabi_fake_0048,punjabi,spoof,rvc,,,,,,048,rvc_punjabi_048.wav,113Q1QWC3F9tfaQnNzBcYQ-4IoGduiNv9,Dataset_Research_DFD/Deepfake_dataset/RVC/punjabi_rvc,
rvc_punjabi_fake_0049,punjabi,spoof,rvc,,,,,,049,rvc_punjabi_049.wav,1ItBfWCwqMi5YLkvx69ZEeq26NFGatjHj,Dataset_Research_DFD/Deepfake_dataset/RVC/punjabi_rvc,
rvc_punjabi_fake_0050,punjabi,spoof,rvc,,,,,,050,rvc_punjabi_050.wav,19pTs3hif7rjA5IKHKt_wpULo8xbfLKJF,Dataset_Research_DFD/Deepfake_dataset/RVC/punjabi_rvc,
rvc_punjabi_fake_0051,punjabi,spoof,rvc,,,,,,051,rvc_punjabi_051.wav,1uWNo1Wbra86hFLcnxd3dLpXWXlQSdgTk,Dataset_Research_DFD/Deepfake_dataset/RVC/punjabi_rvc,
rvc_punjabi_fake_0052,punjabi,spoof,rvc,,,,,,052,rvc_punjabi_052.wav,154qS3n5RLdIA1mHdiIcKJHGE95o_LLh-,Dataset_Research_DFD/Deepfake_dataset/RVC/punjabi_rvc,
rvc_punjabi_fake_0053,punjabi,spoof,rvc,,,,,,053,rvc_punjabi_053.wav,19OGAGsZGEk4uiJdB8Y-tYcszHrrOgOX9,Dataset_Research_DFD/Deepfake_dataset/RVC/punjabi_rvc,
rvc_punjabi_fake_0054,punjabi,spoof,rvc,,,,,,054,rvc_punjabi_054.wav,1kKifeDPOtLXLAxdYoFkXIvQUrRcS6OSE,Dataset_Research_DFD/Deepfake_dataset/RVC/punjabi_rvc,
rvc_punjabi_fake_0055,punjabi,spoof,rvc,,,,,,055,rvc_punjabi_055.wav,1MhZBEY1pcm2nC5LgdLUNJ2Jux6_y-EIc,Dataset_Research_DFD/Deepfake_dataset/RVC/punjabi_rvc,
rvc_punjabi_fake_0056,punjabi,spoof,rvc,,,,,,056,rvc_punjabi_056.wav,1GHNeBMUoPyER6vfsDmMZq3aRUudydSa2,Dataset_Research_DFD/Deepfake_dataset/RVC/punjabi_rvc,
rvc_punjabi_fake_0057,punjabi,spoof,rvc,,,,,,057,rvc_punjabi_057.wav,1p46drVo7I4lgIrL4X6JC24gq7J3EGO7Z,Dataset_Research_DFD/Deepfake_dataset/RVC/punjabi_rvc,
rvc_punjabi_fake_0058,punjabi,spoof,rvc,,,,,,058,rvc_punjabi_058.wav,1WOfzw0cBnME3AywwVxkLd8ZuOwMqyszj,Dataset_Research_DFD/Deepfake_dataset/RVC/punjabi_rvc,
rvc_punjabi_fake_0059,punjabi,spoof,rvc,,,,,,059,rvc_punjabi_059.wav,1SL7juxE-_gi1UYiqNFfyrRYa5YUS7OVY,Dataset_Research_DFD/Deepfake_dataset/RVC/punjabi_rvc,
rvc_punjabi_fake_0060,punjabi,spoof,rvc,,,,,,060,rvc_punjabi_060.wav,16m42HOxTlLXYVSVSpJCPJA5aMRfWGqGZ,Dataset_Research_DFD/Deepfake_dataset/RVC/punjabi_rvc,
rvc_punjabi_fake_0061,punjabi,spoof,rvc,,,,,,061,rvc_punjabi_061.wav,14RmrL2yXiFirz0JTVKZLVgAxtn0IzZXg,Dataset_Research_DFD/Deepfake_dataset/RVC/punjabi_rvc,
rvc_punjabi_fake_0062,punjabi,spoof,rvc,,,,,,062,rvc_punjabi_062.wav,1tET-QFNHrnSnM90Z15NxMkotQ5He0XBv,Dataset_Research_DFD/Deepfake_dataset/RVC/punjabi_rvc,
rvc_punjabi_fake_0063,punjabi,spoof,rvc,,,,,,063,rvc_punjabi_063.wav,15DTX69UyZmg9CN0UQOQHTXrsE-qlzPdj,Dataset_Research_DFD/Deepfake_dataset/RVC/punjabi_rvc,
rvc_punjabi_fake_0064,punjabi,spoof,rvc,,,,,,064,rvc_punjabi_064.wav,11ltNqLUdWB1qnQu1gN1hC9ITNwYwcA79,Dataset_Research_DFD/Deepfake_dataset/RVC/punjabi_rvc,
rvc_punjabi_fake_0065,punjabi,spoof,rvc,,,,,,065,rvc_punjabi_065.wav,1eAFq3AbXi8Rn084Jbppxsrvvk1CXBtex,Dataset_Research_DFD/Deepfake_dataset/RVC/punjabi_rvc,
rvc_punjabi_fake_0066,punjabi,spoof,rvc,,,,,,066,rvc_punjabi_066.wav,1ERn0o4tmwO01ezwn7wgn0LvpFtCmlTsT,Dataset_Research_DFD/Deepfake_dataset/RVC/punjabi_rvc,
rvc_punjabi_fake_0067,punjabi,spoof,rvc,,,,,,067,rvc_punjabi_067.wav,1hJ-HJMwuwearfQKqLDwnGrf9XoQ7rGho,Dataset_Research_DFD/Deepfake_dataset/RVC/punjabi_rvc,
rvc_punjabi_fake_0068,punjabi,spoof,rvc,,,,,,068,rvc_punjabi_068.wav,1U1YEsajGlXJHKAv1S6jMo9vUHWStw7Kx,Dataset_Research_DFD/Deepfake_dataset/RVC/punjabi_rvc,
rvc_punjabi_fake_0069,punjabi,spoof,rvc,,,,,,069,rvc_punjabi_069.wav,1WFpetxoZzHvsiL_1ZuFTKKNTp0kKFKjH,Dataset_Research_DFD/Deepfake_dataset/RVC/punjabi_rvc,
rvc_punjabi_fake_0070,punjabi,spoof,rvc,,,,,,070,rvc_punjabi_070.wav,1K2_VZXAoYxzCppA9Dx5t_z8V7tthwcrP,Dataset_Research_DFD/Deepfake_dataset/RVC/punjabi_rvc,
rvc_tamil_fake_0001,tamil,spoof,rvc,,,,,,001,rvc_tamil_001.wav,10c8-7Ntx3CgAPvvUeNlK-dT9itQQnGW4,Dataset_Research_DFD/Deepfake_dataset/RVC/tamil_rvc,
rvc_tamil_fake_0002,tamil,spoof,rvc,,,,,,002,rvc_tamil_002.wav,1-g05zeKdaORcvB0pOjQ1wORgNyGZwKDc,Dataset_Research_DFD/Deepfake_dataset/RVC/tamil_rvc,
rvc_tamil_fake_0003,tamil,spoof,rvc,,,,,,003,rvc_tamil_003.wav,1jIcZir7zw3bHSrbr3vicpOEMdi2Ksl2I,Dataset_Research_DFD/Deepfake_dataset/RVC/tamil_rvc,
rvc_tamil_fake_0004,tamil,spoof,rvc,,,,,,004,rvc_tamil_004.wav,1noBVOcrAbsNS9mzCVWkQM8popVTqBeJ9,Dataset_Research_DFD/Deepfake_dataset/RVC/tamil_rvc,
rvc_tamil_fake_0005,tamil,spoof,rvc,,,,,,005,rvc_tamil_005.wav,1D2HhJFIlr4uTYt_L1Qu8SoawzeoCMtKU,Dataset_Research_DFD/Deepfake_dataset/RVC/tamil_rvc,
rvc_tamil_fake_0006,tamil,spoof,rvc,,,,,,006,rvc_tamil_006.wav,1H6MtJP3bVUOUzMt3EwH0DqXI98r30eP-,Dataset_Research_DFD/Deepfake_dataset/RVC/tamil_rvc,
rvc_tamil_fake_0007,tamil,spoof,rvc,,,,,,007,rvc_tamil_007.wav,1XCtoeQkjs9N4KtsrBpjEZRUfk0VaJzXD,Dataset_Research_DFD/Deepfake_dataset/RVC/tamil_rvc,
rvc_tamil_fake_0008,tamil,spoof,rvc,,,,,,008,rvc_tamil_008.wav,10blRrOREAXchUPtEiudnDRsW8JK7fssb,Dataset_Research_DFD/Deepfake_dataset/RVC/tamil_rvc,
rvc_tamil_fake_0009,tamil,spoof,rvc,,,,,,009,rvc_tamil_009.wav,1g0LY7zLRKRKr854Zzn43BRtjy9XCeviq,Dataset_Research_DFD/Deepfake_dataset/RVC/tamil_rvc,
rvc_telugu_fake_0001,telugu,spoof,rvc,,,,,,001,rvc_telugu_001.wav,1OaYoN4FdItXsmR966vSRZC6uR1jqKHMS,Dataset_Research_DFD/Deepfake_dataset/RVC/telugu_rvc,
rvc_telugu_fake_0002,telugu,spoof,rvc,,,,,,002,rvc_telugu_002.wav,1J72QXtxnmNPP65rluDGDDzdR2UO3aDUb,Dataset_Research_DFD/Deepfake_dataset/RVC/telugu_rvc,
rvc_telugu_fake_0003,telugu,spoof,rvc,,,,,,003,rvc_telugu_003.wav,1JWYhm0xEz4YpCYSLTBu2v_eWXZcN6Uww,Dataset_Research_DFD/Deepfake_dataset/RVC/telugu_rvc,
rvc_telugu_fake_0004,telugu,spoof,rvc,,,,,,004,rvc_telugu_004.wav,1oVt2mtrVN65242v_QrS_1XLh0gTgh_WD,Dataset_Research_DFD/Deepfake_dataset/RVC/telugu_rvc,
rvc_telugu_fake_0005,telugu,spoof,rvc,,,,,,005,rvc_telugu_005.wav,1yBMLQiG4YS9LX-QNLGP6Rx_T5yyLFKXS,Dataset_Research_DFD/Deepfake_dataset/RVC/telugu_rvc,
rvc_telugu_fake_0006,telugu,spoof,rvc,,,,,,006,rvc_telugu_006.wav,1yCXeh5uYYYvIT3VkT0ZSt9o3LaUUORXw,Dataset_Research_DFD/Deepfake_dataset/RVC/telugu_rvc,
rvc_telugu_fake_0007,telugu,spoof,rvc,,,,,,007,rvc_telugu_007.wav,1hYnrCMsORH6vOhqs1QjIOpaM6VsvPiJR,Dataset_Research_DFD/Deepfake_dataset/RVC/telugu_rvc,
rvc_telugu_fake_0008,telugu,spoof,rvc,,,,,,008,rvc_telugu_008.wav,1TC8iYHWgv4K4FZX_aVdoHANI33x6Ta0y,Dataset_Research_DFD/Deepfake_dataset/RVC/telugu_rvc,
rvc_telugu_fake_0009,telugu,spoof,rvc,,,,,,009,rvc_telugu_009.wav,1olaBRc53RUH1L2dHY21c20Z6gnh01Wkq,Dataset_Research_DFD/Deepfake_dataset/RVC/telugu_rvc,
rvc_telugu_fake_0010,telugu,spoof,rvc,,,,,,010,rvc_telugu_010.wav,1-4Kti-77ZGt2PjxyRFpqjnx7YV_SrfRo,Dataset_Research_DFD/Deepfake_dataset/RVC/telugu_rvc,
rvc_telugu_fake_0011,telugu,spoof,rvc,,,,,,011,rvc_telugu_011.wav,1LzI2F-lGMiQ9h7p21bBCZ_Rz9PtBvLbf,Dataset_Research_DFD/Deepfake_dataset/RVC/telugu_rvc,
rvc_telugu_fake_0012,telugu,spoof,rvc,,,,,,012,rvc_telugu_012.wav,142FyYdFxdVIFmeriA36xvOerF2JT35NF,Dataset_Research_DFD/Deepfake_dataset/RVC/telugu_rvc,
rvc_telugu_fake_0013,telugu,spoof,rvc,,,,,,013,rvc_telugu_013.wav,1KZZP8Wz-lPeJ-4iiOGc0NMrOLdW0tFKV,Dataset_Research_DFD/Deepfake_dataset/RVC/telugu_rvc,
rvc_telugu_fake_0014,telugu,spoof,rvc,,,,,,014,rvc_telugu_014.wav,1o0N1gTzf32734BXoZWkT-BfsoOprGpYg,Dataset_Research_DFD/Deepfake_dataset/RVC/telugu_rvc,
rvc_telugu_fake_0015,telugu,spoof,rvc,,,,,,015,rvc_telugu_015.wav,1tcVT-r2JW82AF9MkD2CwVqygA0OpoT3b,Dataset_Research_DFD/Deepfake_dataset/RVC/telugu_rvc,
rvc_telugu_fake_0016,telugu,spoof,rvc,,,,,,016,rvc_telugu_016.wav,196QA8bX5YmXsBMHiMV5CpiLjN7lN0ZK6,Dataset_Research_DFD/Deepfake_dataset/RVC/telugu_rvc,
rvc_telugu_fake_0017,telugu,spoof,rvc,,,,,,017,rvc_telugu_017.wav,1IVSXBJpafxuY8OttE9gxzH5jK6kB5h6Q,Dataset_Research_DFD/Deepfake_dataset/RVC/telugu_rvc,
rvc_telugu_fake_0018,telugu,spoof,rvc,,,,,,018,rvc_telugu_018.wav,1ZyHKtVvH44XQHZUfKinWAaEoVocZqkTG,Dataset_Research_DFD/Deepfake_dataset/RVC/telugu_rvc,
rvc_telugu_fake_0019,telugu,spoof,rvc,,,,,,019,rvc_telugu_019.wav,1m4GCkufnZfms_LTDaYjvPC4DK-cdjPYL,Dataset_Research_DFD/Deepfake_dataset/RVC/telugu_rvc,
rvc_telugu_fake_0020,telugu,spoof,rvc,,,,,,020,rvc_telugu_020.wav,1FBX9lXjPI4i1mmpEQCbdV8QmfNsTesy3,Dataset_Research_DFD/Deepfake_dataset/RVC/telugu_rvc,
rvc_telugu_fake_0021,telugu,spoof,rvc,,,,,,021,rvc_telugu_021.wav,19hbiWCAH5qO-QVe4bBP82Iq4KcZqXMuq,Dataset_Research_DFD/Deepfake_dataset/RVC/telugu_rvc,
rvc_telugu_fake_0022,telugu,spoof,rvc,,,,,,022,rvc_telugu_022.wav,1844o7zjWmxTbdfg2smq2TIDlREKGscNP,Dataset_Research_DFD/Deepfake_dataset/RVC/telugu_rvc,
rvc_telugu_fake_0023,telugu,spoof,rvc,,,,,,023,rvc_telugu_023.wav,1kuzEkExDGch88STQ98OLebBLQTZSQo7y,Dataset_Research_DFD/Deepfake_dataset/RVC/telugu_rvc,
rvc_telugu_fake_0024,telugu,spoof,rvc,,,,,,024,rvc_telugu_024.wav,1lsfzyfY6OzvgKwUh3BcEfxCFquJ0AxBx,Dataset_Research_DFD/Deepfake_dataset/RVC/telugu_rvc,
rvc_telugu_fake_0025,telugu,spoof,rvc,,,,,,025,rvc_telugu_025.wav,1-ELTgVzHDCy8uTkYuzBmrk4mK5N2jP2O,Dataset_Research_DFD/Deepfake_dataset/RVC/telugu_rvc,
rvc_telugu_fake_0026,telugu,spoof,rvc,,,,,,026,rvc_telugu_026.wav,1-7S8Z9_7_pUjc6aGkUsRk3EjRbwxzEzP,Dataset_Research_DFD/Deepfake_dataset/RVC/telugu_rvc,
rvc_telugu_fake_0027,telugu,spoof,rvc,,,,,,027,rvc_telugu_027.wav,1oj0Fv4Jbz5rI_SAOG2Rxr6DGZ1KrSqi5,Dataset_Research_DFD/Deepfake_dataset/RVC/telugu_rvc,
rvc_telugu_fake_0028,telugu,spoof,rvc,,,,,,028,rvc_telugu_028.wav,1G9uF4EXYhvu0nSM-60W2OfsFPORCB4y9,Dataset_Research_DFD/Deepfake_dataset/RVC/telugu_rvc,
rvc_telugu_fake_0029,telugu,spoof,rvc,,,,,,029,rvc_telugu_029.wav,1gjTyFmZxtPVNOewZijq9M0O77QL0VZo0,Dataset_Research_DFD/Deepfake_dataset/RVC/telugu_rvc,
rvc_telugu_fake_0030,telugu,spoof,rvc,,,,,,030,rvc_telugu_030.wav,1ZLhSxi1JaGibx3KKegOUsQaQbHCIYFrh,Dataset_Research_DFD/Deepfake_dataset/RVC/telugu_rvc,
rvc_telugu_fake_0031,telugu,spoof,rvc,,,,,,031,rvc_telugu_031.wav,1XHquJo1xQw8yksbYowt88g-2Rx21_C4C,Dataset_Research_DFD/Deepfake_dataset/RVC/telugu_rvc,
rvc_telugu_fake_0032,telugu,spoof,rvc,,,,,,032,rvc_telugu_032.wav,1Obp7qZl-jFCTWW9D0OfK_EFfab_qYyR5,Dataset_Research_DFD/Deepfake_dataset/RVC/telugu_rvc,
rvc_telugu_fake_0033,telugu,spoof,rvc,,,,,,033,rvc_telugu_033.wav,1C7L24sWca_1AsE7r0KYnDi3PHDEHpieb,Dataset_Research_DFD/Deepfake_dataset/RVC/telugu_rvc,
rvc_telugu_fake_0034,telugu,spoof,rvc,,,,,,034,rvc_telugu_034.wav,1Oi-sGperSANSlbqT4SK0Rbvn7l8K5V3K,Dataset_Research_DFD/Deepfake_dataset/RVC/telugu_rvc,
rvc_telugu_fake_0035,telugu,spoof,rvc,,,,,,035,rvc_telugu_035.wav,1OGgTFwVUFVs_J_cH1P8NYbluSl2OmfXo,Dataset_Research_DFD/Deepfake_dataset/RVC/telugu_rvc,
rvc_telugu_fake_0036,telugu,spoof,rvc,,,,,,036,rvc_telugu_036.wav,1AHzpD_FyWp0FmxJ239gEMBw_xtD714q6,Dataset_Research_DFD/Deepfake_dataset/RVC/telugu_rvc,
rvc_telugu_fake_0037,telugu,spoof,rvc,,,,,,037,rvc_telugu_037.wav,1FPomLT6Pq12nQl7vTiVUwUVGpP9mtRND,Dataset_Research_DFD/Deepfake_dataset/RVC/telugu_rvc,
rvc_telugu_fake_0038,telugu,spoof,rvc,,,,,,038,rvc_telugu_038.wav,10nwLoWCZVNXlYr6SVd_vgoUqJeAIi6Nw,Dataset_Research_DFD/Deepfake_dataset/RVC/telugu_rvc,
rvc_telugu_fake_0039,telugu,spoof,rvc,,,,,,039,rvc_telugu_039.wav,11t6UuGQ2_LyFD95j_G5oorjJy49l4aR3,Dataset_Research_DFD/Deepfake_dataset/RVC/telugu_rvc,
rvc_telugu_fake_0040,telugu,spoof,rvc,,,,,,040,rvc_telugu_040.wav,1qUVr137KVVBAwna1ajz5Vu1oKAIuUAMQ,Dataset_Research_DFD/Deepfake_dataset/RVC/telugu_rvc,
rvc_telugu_fake_0041,telugu,spoof,rvc,,,,,,041,rvc_telugu_041.wav,1of2UHVnoUTefQ-bPftZ6bm05fH1yg9_G,Dataset_Research_DFD/Deepfake_dataset/RVC/telugu_rvc,
rvc_telugu_fake_0042,telugu,spoof,rvc,,,,,,042,rvc_telugu_042.wav,1tcncaKPLGfkMsi8Nq3Hoj7guHMkQe992,Dataset_Research_DFD/Deepfake_dataset/RVC/telugu_rvc,
rvc_telugu_fake_0043,telugu,spoof,rvc,,,,,,043,rvc_telugu_043.wav,1LRdnOuaysemE7JUGYtsIg0y0NR0_SiNa,Dataset_Research_DFD/Deepfake_dataset/RVC/telugu_rvc,
rvc_telugu_fake_0044,telugu,spoof,rvc,,,,,,044,rvc_telugu_044.wav,1b0PoZFXyxU6H-yWEetSdk5LzHKezkX3n,Dataset_Research_DFD/Deepfake_dataset/RVC/telugu_rvc,
rvc_telugu_fake_0045,telugu,spoof,rvc,,,,,,045,rvc_telugu_045.wav,1rS_LgUWLLNdppeL8X6x4jNjZzdtDc_J-,Dataset_Research_DFD/Deepfake_dataset/RVC/telugu_rvc,
rvc_telugu_fake_0046,telugu,spoof,rvc,,,,,,046,rvc_telugu_046.wav,1vLKR5g13W8fLWJtX8HerXk7iMOl3GfOR,Dataset_Research_DFD/Deepfake_dataset/RVC/telugu_rvc,
rvc_telugu_fake_0047,telugu,spoof,rvc,,,,,,047,rvc_telugu_047.wav,1pBcCWY9Sr7o7Sa4cqHo_huwA9GPgwR-c,Dataset_Research_DFD/Deepfake_dataset/RVC/telugu_rvc,
rvc_telugu_fake_0048,telugu,spoof,rvc,,,,,,048,rvc_telugu_048.wav,1y6m3807p2LQ_kAILOTm7aWr8S1G919Eh,Dataset_Research_DFD/Deepfake_dataset/RVC/telugu_rvc,
rvc_telugu_fake_0049,telugu,spoof,rvc,,,,,,049,rvc_telugu_049.wav,1ysmMTJpl5uHAjoiRa1MZXBRCxC5-gHuT,Dataset_Research_DFD/Deepfake_dataset/RVC/telugu_rvc,
